,id_user,texto,plataforma,data,retweet,favorito,seguidores,amigos,verificado
0,274250044,"Interessados, chamar na DM, t√° valendo!!! https://t.co/4EIDxkobVv",Twitter for iPhone,2020-09-01 22:29:56,0,0,511,465,False
1,1074501875691634688,"s√≥ pra deixar claro.

oppa (Ïò§Îπ†) - homem mais velho para mulher
hyung (Ìòï) - homem mais velho para homem
unnie (Ïñ∏Îãà) -‚Ä¶ https://t.co/GLNoJApZSb",Twitter Web App,2020-09-01 22:29:56,0,0,3265,4467,False
2,849720688235642885,"@10xpat nossa SIM!!!,@&amp;!*!!",Twitter for Android,2020-09-01 22:29:56,0,0,1003,591,False
3,780789968314601472,"Amiga, diploma eu ganhei v√°rios como melhor aluna do meu col√©gio. Me formei com as melhores notas e ganhei v√°rios c‚Ä¶ https://t.co/M5RuBzkLiV",Twitter for Android,2020-09-01 22:29:56,0,0,3487,432,False
4,1300520457783967746,@finehlwalls j√° me sinto best,Twitter for Android,2020-09-01 22:29:56,0,0,97,113,False
5,898304015058055168,"@perzo_ruinas sim, Diego &gt;&gt;&gt;&gt;&gt;&gt;&gt; Dio",Twitter Web App,2020-09-01 22:29:56,0,0,298,470,False
6,940682544739209216,tudo que eu planejo da errado,Twitter for iPhone,2020-09-01 22:29:56,0,0,671,464,False
7,1280902790731255817,@matheuscornok kkkkkkk √© Raimundos,Twitter for Android,2020-09-01 22:29:56,0,0,196,305,False
8,1171456909351669770,"Muito nutritiva, cabelo com aquele pesinho da nutri√ß√£o, mas extremamente brilhoso, solto, sem frizz, alinhado, o ca‚Ä¶ https://t.co/kupysJeqOE",Twitter Web App,2020-09-01 22:29:56,0,0,166,360,False
9,1246907991095496715,@janesikka @Madruga004 Obrigado Jane.,Twitter Web App,2020-09-01 22:29:56,0,0,20362,17887,False
10,883878345695522817,"Ponto esclarecer
Acho certo oq aquelas minas escrostas fizeram com o cara, N√ÉO 

acho certo ele ter receio de ter r‚Ä¶ https://t.co/XvrhuYv7a7",Twitter for Android,2020-09-01 22:29:56,0,0,19,62,False
11,1281196664372563970,"@dearlysink obg vida, de verdade üò≠",Twitter for Android,2020-09-01 22:29:56,0,0,2126,2199,False
12,1142203925963190273,@vitoria_tristao Para de ca√¥ kkkkkkkkk,Twitter Web App,2020-09-01 22:29:56,0,0,51,146,False
13,1181706288612421633,Patr√≠cia e minha m√£e ‚ù§Ô∏èüíô https://t.co/5CFCwgoNHh,Twitter for Android,2020-09-01 22:29:56,0,0,2012,2253,False
14,338574620,@hutchskingdom vc acha de boas ler livro com capa dura? eu sempre baixo o e*p*ub pq nao guento a capa ü§°ü§™,Twitter Web App,2020-09-01 22:29:56,0,0,532,592,False
15,783826187789434880,@MelJones04 @MariliaMReal KKKKKKKKKKKKKKK amoooo,Twitter for iPhone,2020-09-01 22:29:56,0,0,687,443,False
16,984027083658719232,@Aldebar80082564 tenho a certeza que √© por isso que deixaram de me chamar para sair  kkkk,Twitter for Android,2020-09-01 22:29:56,0,0,762,1767,False
17,1297173194810503168,N√£o julgo comeria o mesmo üòÇüòÇüòÇüòÇ https://t.co/O7aPiC6Lq7,Twitter for Android,2020-09-01 22:29:56,0,0,85,99,False
18,2273303550,J√° fiz amizade com o motorista e ele disse q eu posso usar a tomada pra carregar l√° na frente kkkk gra√ßas a deus,Twitter for Android,2020-09-01 22:29:56,0,0,441,229,False
19,1279597149077024769,Vai descer a cerva pra distrair ü•≥,Twitter for iPhone,2020-09-01 22:29:56,0,0,284,251,False
20,770512303,seu perfil foi visto por 6 pessoas nas √∫ltimas 2 horas https://t.co/VCLREwIbwV,Twitcom - Comunidades ,2020-09-01 22:29:56,0,0,149,125,False
21,1170863562908151811,@Iambibiaa Vc n√© üò≠‚ù§,Twitter for Android,2020-09-01 22:29:56,0,0,3798,3883,False
22,726185626152931332,"@RadioAnitters @anittxcrazy @Anitta #MPN #AnyGabriellytiktok
#AnyGabriellyInspiracao 
#AnyGabriellyIG‚Ä¶ https://t.co/bTep0Fbrh2",Twitter for Android,2020-09-01 22:29:56,0,0,706,1166,False
23,175790545,@smithnathii Am√©m! üôåüèΩ,Twitter for Android,2020-09-01 22:29:56,0,0,855,1533,False
24,1192451563882733569,@Sheila03997668 @GauchinhaB38 @10_5_6_5 @seteeng Ou talve fa√ßa jogo duplo a mando do presidente... N√£o sei.,Twitter for iPhone,2020-09-01 22:29:56,0,0,39,175,False
25,1262039059985285122,@crycatra NAO OUSA,Twitter for Android,2020-09-01 22:29:56,0,0,4006,3140,False
26,100335967,"Segunda pessoa que gosto pra marcar sobrancelha e a segunda que √© um caos pra conseguir hor√°rio, pqp",Twitter for Android,2020-09-01 22:29:56,0,0,826,277,False
27,4800783617,@Audrynhaa √ìTIMAAAA,Twitter for iPhone,2020-09-01 22:29:56,0,0,363,274,False
28,750346928550998016,@maisa pessoal que n√£o √© carioca nunca vai entender que a gente fala normal xingando,Twitter for Android,2020-09-01 22:29:56,0,0,1180,1072,False
29,856924383977381889,"@eumesmogb @Dbora21496648 @Aline31370927 Ainda paiz√£o, Tmj ‚úåüèæ‚úåüèæ‚úåüèæ",Twitter for iPhone,2020-09-01 22:29:56,0,0,38898,465,False
30,110691914,E PORRAAAA,Twitter for iPhone,2020-09-01 22:29:56,0,0,564,628,False
31,289600129,Professor pedindo para explicar do que se trata o Artigo 3¬∫ da CF/88 me segurando para n√£o colocar minha opini√£o pe‚Ä¶ https://t.co/BRApG3FlU7,Twitter Web App,2020-09-01 22:29:56,0,0,1025,859,False
32,926422383799537664,"@DanielShavy @R4fiss_ @Marcelo20371071 @CxpyZrr @blxckoutz N√£o tem problema eles n√£o tirarem esses itens do casual,‚Ä¶ https://t.co/Rq6fRSEUNY",Twitter for Android,2020-09-01 22:29:56,0,0,5,31,False
33,296546972,desculpa o atraso https://t.co/HPmewydJZr,Twitter for iPhone,2020-09-01 22:29:56,0,0,650,363,False
34,706305793826660352,"@deltanmd Muito obrigado por tudo, Procurador! O Brasil n√£o esquecer√° dos seus her√≥is. üáßüá∑üáßüá∑üáßüá∑",Twitter for iPhone,2020-09-01 22:29:56,0,0,626,154,False
35,91226380,@plantfam you are correctamundo,Twitter Web App,2020-09-01 22:29:56,0,0,1112,1312,False
36,800584389843251200,"E o tempo passou como um sopro
A partir do dia que eu resolvi te ver de novo",Twitter Web App,2020-09-01 22:29:56,0,0,248,186,False
37,626634796,@RachelSherazade Usam cargos p√∫blicos em benef√≠cio pr√≥prio!,Twitter for Android,2020-09-01 22:29:56,0,0,45,121,False
38,379441542,@faalabela S√≥ n√£o √© o gabarito pq todo mundo sabe que o jeito certo de falar o primeiro √© CREME CRAQUE,Twitter for Android,2020-09-01 22:29:56,0,0,445,294,False
39,1174092886016765952,entrei aqui no tt e vi gente falando que o no fab setember tem a ver com a preven√ß√£o de suic√≠dio e por isso q √© em‚Ä¶ https://t.co/BwDgSqk3UM,Twitter for Android,2020-09-01 22:29:56,0,0,94,232,False
40,1247977149392465923,Liberdade individual de ferir os outrosüëèüèªüëçüèª https://t.co/wyOGeAbSm7,Twitter for iPhone,2020-09-01 22:29:56,0,0,98,137,False
41,478082406,Rede Feminina de Combate ao C√¢ncer de Brusque recebe doa√ß√£o do N√∫cleo de Panificadoras da Acibr e Secretaria de Tur‚Ä¶ https://t.co/vxxe6yKddp,Twitter Web App,2020-09-01 22:29:56,0,0,8556,5804,False
42,1297203649739919365,@SATANKIRI coisa linda.,Twitter for iPhone,2020-09-01 22:29:56,0,0,47,44,False
43,1222337686717042688,"@itscolson_ @eIIacarsoncj para de gra√ßa pai 

sabe oq a mulher do Albert Einstein disse quando ele tirou a roupa na lua de mel??????",Twitter for Android,2020-09-01 22:29:56,0,0,635,845,False
44,863017226,"Chegou Setembro. O amarelo. O m√™s do ano pra pessoas aqui deste site q tanto cancela, tanto julga, tanto destila se‚Ä¶ https://t.co/cU2myJDFnP",Twitter for Android,2020-09-01 22:29:56,0,0,806,522,False
45,1669816986,@allekazaf sim mano pior ainda eh que tu pegou o server mais vazio wakfu foi cheio no br ha uns 3-4 anos hoje n vale apena,Twitter Web App,2020-09-01 22:29:56,0,0,148,622,False
46,980430171357396992,@inexavittar mds o que ta acontecendo ali,Twitter Web App,2020-09-01 22:29:56,0,0,256,1342,False
47,743891997468000256,vo faze uma live ensinando p patinho do meu namorado como q joga,Twitter for iPhone,2020-09-01 22:29:56,0,0,132,76,False
48,1250095027130454020,@younghyugax @4K4MARU N√£o vai bater no meu espi√£o n√£o,Twitter for Android,2020-09-01 22:29:56,0,0,366,376,False
49,3031668801,"Se fosse mulher feia tava tudo certo, mulher bonita mexe com o meu cora√ß√£o ....",Twitter for Android,2020-09-01 22:29:56,0,0,400,1110,False
50,1097325404493410304,To cheia de roxo no corpo todo üôÑ,Twitter for iPhone,2020-09-01 22:29:56,0,0,1797,953,False
51,1153472107734536192,os meninos?? KKKKKKKKKK fico pensando https://t.co/Bq8KAp2WXw,Twitter for Android,2020-09-01 22:29:56,0,0,1719,1722,False
52,1200737952424435713,@rafaelkjls @mahossu coincidencia??? Hmmmmm,Twitter for Android,2020-09-01 22:29:56,0,0,23,85,False
53,269054500,at√© o cavalo √© viado.... quer dizer https://t.co/R0nqnpzAgE,Twitter Web App,2020-09-01 22:29:56,0,0,17032,15110,False
54,25625395,Um pa√≠s em chamas https://t.co/U52I4yIjO0,Twitter for iPhone,2020-09-01 22:29:56,0,0,2211,2413,False
55,1262979948656103424,QUEM VOTOU SIM?,Twitter for Android,2020-09-01 22:29:56,0,0,179,311,False
56,1245811769337098242,eu n tenho animo pra mais nada a n ser pra reclamar üòÑüòÑüòÑüòÑ,Twitter for Android,2020-09-01 22:29:56,0,0,9471,9626,False
57,1103060609531301894,@mchiwnterxs @monochl @vmindetailed ela d√° o stream delaaaa,Twitter for iPhone,2020-09-01 22:29:56,0,0,42,65,False
58,1300802129850961923,como assim voc√™ n√£o gosta do qi rong? pare de me seguir imediatamente https://t.co/9PM1zjpg4t,Twitter for Android,2020-09-01 22:29:56,0,0,55,98,False
59,1350374125,@ovictordiass N√£o foi com a sua cara kkkkk,Twitter for iPhone,2020-09-01 22:29:56,0,0,7137,4037,False
60,1151528944270815232,@jnsstay vai me dar de qualquer jeito,Twitter Web App,2020-09-01 22:29:56,0,0,831,275,False
61,1222894217178968064,@cadelinhadacanc Aiaiai essa xovana https://t.co/qBoyPKWng8,Twitter for iPhone,2020-09-01 22:29:56,0,0,1579,1407,False
62,770661087503056896,@DayanZakk √â n√≠tido,Twitter for Android,2020-09-01 22:29:56,0,0,502,364,False
63,1115961821310193664,@matildephenriqu precisamos fl sobre mim lol,Twitter for iPhone,2020-09-01 22:29:56,0,0,387,271,False
64,353967952,Na moral as vezes eu tenho muita vontade de roubar um banco,Twitter for Android,2020-09-01 22:29:56,0,0,1785,883,False
65,926961863363039232,@bakugorules fui a primeira trouxa,Twitter for Android,2020-09-01 22:29:56,0,0,245,294,False
66,1088956424439455745,"comenta o tal do ""."" e eu marco uma pessoa q faria um casal aulas ctg tendeu",Twitter for Android,2020-09-01 22:29:56,0,0,1998,1976,False
67,60970386,"@lucasgrisotti N√£o me zoa eu fa√ßo 17,5 cada lado eu sou ruim demais no supino",Twitter for iPhone,2020-09-01 22:29:56,0,0,576,475,False
68,1201157262003359744,@rosiesreddesert VDLSHSKSBSLA NO VI ESTO DIOS üò≠üò≠üò≠üò≠üò≠üò≠,Twitter for Android,2020-09-01 22:29:56,0,0,0,0,False
69,4834020736,Eu e a Manuela tivemos uma conex√£o agora fora do comum kkkkkkkkkkkkkk,Twitter for iPhone,2020-09-01 22:29:56,0,0,1096,1002,False
70,3219978843,√© hoje que √© pra dar vento ou,Twitter Web App,2020-09-01 22:29:56,0,0,348,417,False
71,1248278927552000007,"boa noite pra quem saiu na @vishmidia! 
rolou uma entrevista braba com a gente na mat√©ria, confiram üòä
https://t.co/IRkYsF1Xkj",Twitter for iPhone,2020-09-01 22:29:56,0,0,257,291,False
72,972947061053296641,Obrigado ‚ô•Ô∏èü•∞ https://t.co/oQgDmmwtPd,Twitter for Android,2020-09-01 22:29:56,0,0,639,352,False
73,1268321553680302080,"@kimberlices O problema √© que eu fui simp√°tico com voc√™ o tempo todo, meu amor, e eu te sigo faz um temp√£o",Twitter for Android,2020-09-01 22:29:56,0,0,32,236,False
74,1179204523006533633,"todo dia essa frescura do caralho de conta de exposed, v√£o arrumar o q fazer pqp",Twitter for Android,2020-09-01 22:29:56,0,0,4610,4633,False
75,1075397650101534722,deveria assistir o anime da kuroneko?,Twitter Web App,2020-09-01 22:29:56,1,0,32,157,False
76,43272674,@preciousavinon Sabia que ele n√£o iria participar.. Pelo menos temos os 5 üòçüòè,Twitter Web App,2020-09-01 22:29:56,0,0,1566,804,False
77,1148352685936189440,"sem bigode&gt;&gt;&gt;&gt;&gt;&gt;&gt;&gt;&gt;&gt;&gt;&gt;
e s√≥ a minha opini√£o importa",Twitter for Android,2020-09-01 22:29:56,0,0,13434,13681,False
78,1237010089875255299,"""@sofyaplotnikova 
@Savannahbardot 
INDO PARA O NOVO 
LOCAL !""

Sav: ""Estamos no barco!"" 
Sofya: ""T√£o legal!""

üé•| N‚Ä¶ https://t.co/LvqGtzc1zb",Twitter for iPhone,2020-09-01 22:29:56,0,0,393,217,False
79,1297685944762499072,@txweeknd @txweeknd indireta pra vc,Twitter for Android,2020-09-01 22:29:56,0,0,515,507,False
80,192690158,@Tratiezone amiga qual o nome daquele livro que vc disse que eu tenho que ler primeiro dos q vc me indicou? Pq t√¥ c‚Ä¶ https://t.co/REVaZYjw79,Twitter for Android,2020-09-01 22:29:56,0,0,2696,804,False
81,1024809528171343872,@loonienha descobri esses dias fiquei exatamente com a rea√ß√£o do meme YAUSJSUNRSE,Twitter for Android,2020-09-01 22:29:56,0,0,1477,1470,False
82,1186318842286530561,"@sabina bota pra subir, bota pra subir querida
#KCAMexico #ComeTogether #CNCO #EmilioOsorio #IsabelaSouza",Twitter for Android,2020-09-01 22:29:56,0,0,637,479,False
83,1163998215403921409,@alicx_fv N√£o entendi amigona üòò,Twitter for iPhone,2020-09-01 22:29:56,0,0,240,269,False
84,1263172303610957824,@hyungift vai ser assim,Twitter for iPhone,2020-09-01 22:29:56,0,0,236,297,False
85,1231586037278924801,@godkjin Eu t√¥ morrendo de rir v√©i que √≥dio,Twitter for Android,2020-09-01 22:29:56,0,0,926,844,False
86,88794941,@dudulima2_ J√° e bem a 3¬™ vez que eu vejo no Globoplay tbm,Twitter for iPhone,2020-09-01 22:29:56,0,0,1820,780,False
87,365860297,@Foforusso Por isso vamos por uma portuguesa.  Legend √© a Soraia n√£o mudem de team !,Twitter for Android,2020-09-01 22:29:56,0,1,20968,308,False
88,227742584,@httpswitness recusou o doce amg? üç¨,Twitter for Android,2020-09-01 22:29:56,0,0,1241,1332,False
89,58644236,"@mauribrum meudeus, maur√≠cio",Twitter Web App,2020-09-01 22:29:56,0,0,704,777,False
90,1194156872099610624,"@pietrameireless mds eu sei tds de c√≥, fico ‚Äúcomo q algm nn sabe qual eh o m√™s 10???‚Äù",Twitter for iPhone,2020-09-01 22:29:56,0,0,456,337,False
91,2868113850,"A prof ontem passando um texto sobre procrastina√ß√£o. 

E na minha mente eu tava cultivando o terr√≠vel pensamento

""‚Ä¶ https://t.co/JbxUT8U0aW",Twitter Web App,2020-09-01 22:29:56,0,0,201,297,False
92,4287599122,"@opragaruim tamb√©m te amo, filho",Twitter Web App,2020-09-01 22:29:56,0,0,834,333,False
93,1234594129071542273,Acho q vou volta a mexer no meu tinder kkkkkkkk,Twitter for iPhone,2020-09-01 22:29:56,1,0,185,169,False
94,1054021841709342720,Criar expectativa em algu√©m ou alguma coisa √© foda,Twitter for Android,2020-09-01 22:29:56,0,0,284,384,False
95,1031288317919281153,@mcrebecca nossa nossa SEGUE EU E A @sarahssr PFVR #FaixaPretaFinal,Twitter for iPhone,2020-09-01 22:29:56,0,0,443,193,False
96,1074307320551751680,nossa chocadaa com o v√≠deo,Twitter for iPhone,2020-09-01 22:29:56,0,0,525,550,False
97,389147371,quem muito desdenha quer comprar,Twitter Web App,2020-09-01 22:29:56,0,0,2241,1084,False
98,1108794329181626370,"@defenclxgolden a√≠,amg,n queria estragar meu cabelo descolorindo dnv (eu j√° pintei ele e msm cuidando ressecou,na √©‚Ä¶ https://t.co/Jmfrto7WWV",Twitter for iPhone,2020-09-01 22:29:56,0,0,503,501,False
99,1248056481305571332,@sophystyles2 eu qro ver KKKKKKK,Twitter Web App,2020-09-01 22:29:56,0,0,422,263,False
100,1289349882722111488,@sxintdoux Proposta tentadora.,Twitter for Android,2020-09-01 22:29:56,0,0,157,162,False
101,376458681,"Tirei A ""garota dos sonhos""! https://t.co/xPLGgDRnB4",Twitter for iPhone,2020-09-01 22:29:56,0,0,786,844,False
102,1175933521396994048,@Mocot20 @DeleteZaWarudo Nunca derrubar√° meu imp√©rio do mal. https://t.co/XUpYHAKCoa,Twitter for Android,2020-09-01 22:29:56,0,0,12,40,False
103,983196084,"@DurdenSebastian esse √© mais shounen sabe, achei menos dram√°tico at√© agora

mas t√¥ com f√© que o final vai ser tudo que me prometeram",Twitter for Android,2020-09-01 22:29:56,0,0,2008,2037,False
104,1006126924979167232,eu era louca pra fazer amizade com vc no in√≠cio do ano passado ai agora sempre q vc fala cmg no tt ou pelo insta eu fico assim ü•∞ü•∞,Twitter for Android,2020-09-01 22:29:56,0,0,327,306,False
105,1029723367321022464,Vc est√° a 3 meses lendo pilhas de livros sobre a mesma coisa e n√£o consegue escrever a primeira linha do primeiro cap√≠tulo kkkk,Twitter for iPhone,2020-09-01 22:29:56,0,0,31,69,False
106,1972905686,1 pessoa acaba de visitar seu perfil https://t.co/qUmxhbL9Xh,Twitcom - Comunidades ,2020-09-01 22:29:56,0,0,1689,328,False
107,1297385355834990593,@drewbsizzler nao kkkkkkkkkk serase o harry faz isso tamb√©m,Twitter for Android,2020-09-01 22:29:56,0,0,154,173,False
108,1154484217541267456,@Alexandre_XYZ_ Voc√™ namora?,Twitter for Android,2020-09-01 22:29:56,0,0,2618,180,False
109,2356630351,thamires ligou pra dizendo q ta com saudades üôÉüôÉüôÉüôÉüôÉ,Twitter for iPhone,2020-09-01 22:29:56,0,0,949,854,False
110,58339854,@vivobr J√° fiz tudo e j√° esperei todos os prazos existentes. S√≥ quero cancelar esse inferno.,Twitter for Android,2020-09-01 22:29:56,0,0,254,294,False
111,934270887800508416,A vis√£o https://t.co/PNwKRec7Wl,Twitter for iPhone,2020-09-01 22:29:56,0,0,450,427,False
112,818963983927480320,usei aparelho por 5 anos pra tirar e ter que usar dnv ü§°,Twitter for iPhone,2020-09-01 22:29:56,0,0,744,548,False
113,88442185,@cassialsdias @SamuelopeSerra @GutoCastello @caparica Esses cargos j√° s√£o terceirizados. Eles querem fazer isso com‚Ä¶ https://t.co/SuxgwcejJF,Twitter Web App,2020-09-01 22:29:56,0,0,66,40,False
114,235215143,Minha m√£e me deixou triste kkk drx! T√° falando sozinha at√© agr no wpp.,Twitter for Android,2020-09-01 22:29:56,0,0,910,406,False
115,4138271243,Hoje foi o dia que eu mais dancei nessa quarentena... Subindo o morro de Urussanga Baixa at√© S√£o Sebasti√£o,Twitter for Android,2020-09-01 22:29:56,0,0,395,249,False
116,72512359,"No RJ2 detalhes da bagaceira do Crivella. Gente, tem at√© escala, tudo organizad√≠ssimo! Se ee usasse o dinheiro pra‚Ä¶ https://t.co/vjuzmdMmGD",Twitter for iPhone,2020-09-01 22:29:56,0,0,8955,2081,False
117,347953995,@crlttn nossa sim,Twitter Web App,2020-09-01 22:29:56,0,0,2127,815,False
118,547990636,"Voc√™ s√≥ sabe o quanto realmente ama algo, quando perde isso de verdade",Twitter for iPhone,2020-09-01 22:29:56,0,0,232,335,False
119,3817524334,"mandem esta musica √† vossa crush
https://t.co/DVzpuWgOWT",Twitter Web App,2020-09-01 22:29:56,0,0,460,311,False
120,884575390047629312,penso em voc√™ diariamente ‚Äî se for um serial killer por favor me mate agora!  https://t.co/k42Wmzl4dN,Twitter for iPhone,2020-09-01 22:29:56,0,0,497,281,False
121,3180092560,@witharisgz nem chego https://t.co/AdWfaid7BX,Twitter for Android,2020-09-01 22:29:56,0,0,649,616,False
122,910660199261892609,"Fav = uma confiss√£o na dm üò¨

                                          T√©diozada...",Twitter for Android,2020-09-01 22:29:56,0,0,2598,1749,False
123,811017108658200585,@anagrandchamp Parab√©nsssssss,Twitter for Android,2020-09-01 22:29:56,0,0,279,407,False
124,3131125121,@MuriloKazack Tobi üíú boas √©pocas https://t.co/CynILIx8Mf,Twitter for iPhone,2020-09-01 22:29:56,0,0,12481,482,False
125,1185327469357928448,@isaolv___ O m√©dico vai rir de mim amiga üò≠üò≠üò≠KAKAKAKAKKAKAKAKA,Twitter for Android,2020-09-01 22:29:56,0,0,315,563,False
126,3071121335,Meu quarto √© muito infantil pra aula online jekwkwkkww,Twitter for iPhone,2020-09-01 22:29:56,0,0,172,538,False
127,1167250013161951233,@Luma______ @LeilanePossido1 @eduardaalmeidx @laaurathomas Lindo o post sai com depress√£o ü§ß,Twitter for Android,2020-09-01 22:29:56,0,0,280,371,False
128,1155098952854847490,"@RRobadej Vai demorar muito s√≥ fevereiro, at√© l√° escolho de outro time, se eu ganhar kkk",Twitter for iPhone,2020-09-01 22:29:56,0,0,253,392,False
129,1265105127557533696,@namchanges @ggukiiestar tipo a sua?,Twitter Web App,2020-09-01 22:29:56,0,0,443,451,False
130,106155648,@indiadeiphone #LutaPataxo Que fofuraaaaaaaaa üòç,Twitter for Android,2020-09-01 22:29:56,0,0,280,699,False
131,1095392086550028288,@UlissesdeO @Pablogapaisa @jose_simao Gritei kkkkkk,Twitter for Android,2020-09-01 22:29:56,0,0,496,1111,False
132,1268369372004917248,"@percyzwylie o t*m foi muito burro de n√£o fazer rina endgame, eles s√£o perfeitos",Twitter for iPhone,2020-09-01 22:29:56,0,0,74,114,False
133,1264968530375696386,@vvlente06 @mxxntrash Em Alfragide √© prato do dia. Todos os dias.,Twitter for iPhone,2020-09-01 22:29:56,0,0,637,345,False
134,57796872,Pol√≠cia Civil vai mapear todos os agentes envolvidos em mortes em S√£o¬†Paulo https://t.co/VRvKtQSBgv,WordPress.com,2020-09-01 22:29:56,0,0,800,536,False
135,1578903433,Vou dar a chance de voc√™s curtirem essa foto duas vezes. Aqui e l√° na insta üòö https://t.co/mm690S6Z82,Twitter Web App,2020-09-01 22:29:56,0,0,539,307,False
136,2745448647,que demora vei https://t.co/HCKNzryf8s,Twitter for iPhone,2020-09-01 22:29:56,0,0,240,405,False
137,185296803,"aprende, seu trabalho pode ser lindo mas foi mal educada respondendo cliente a fama passa pra outros",Twitter Web App,2020-09-01 22:29:56,0,0,72,173,False
138,1126495661027991553,@beauurreachamp qual o seu amg??,Twitter for Android,2020-09-01 22:29:56,0,0,1687,1668,False
139,1296941314219573253,os olhos arregalados ownt parece um **üòçüòò https://t.co/SftyyizoUQ,Twitter for Android,2020-09-01 22:29:56,0,0,387,427,False
140,92321660,@Julia_Signori Eu sei amiga e se ele t√° oferecendo aceita HAHAHAHAH,Twitter for iPhone,2020-09-01 22:29:56,0,0,229,222,False
141,1046953805433266176,"@feflw Sdd, brota mrm",Twitter for Android,2020-09-01 22:29:56,0,0,540,569,False
142,1289213663132430336,@naivelrry e eu sou #0,Twitter for iPhone,2020-09-01 22:29:56,0,0,2234,1924,False
143,1003837521590145024,Kd meu Kembinha q n√£o entrou no jogo ainda,Twitter for iPhone,2020-09-01 22:29:56,0,0,327,199,False
144,4707729801,"@Iastpadawan eu tenho como hobby seguir umas duas pessoas no instagram pra ficar julgando ""elas realmente s√£o estil‚Ä¶ https://t.co/WEadfMjVkG",Twitter for Android,2020-09-01 22:29:56,0,0,1427,1256,False
145,96783448,"@extrmrnd To pra me formar, mas quem sabe hahaha",Twitter for Android,2020-09-01 22:29:56,0,0,266,407,False
146,991695061070090240,"Morri, mas passo bem https://t.co/ueislqQ6QQ",Twitter for iPhone,2020-09-01 22:29:56,0,0,267,190,False
147,1241213479442317312,"J√° comprei quase tudo p thayllan ,amanh√£ vou na cidade comprar o pouco q falta üôåüíô",Twitter for Android,2020-09-01 22:29:56,0,0,669,582,False
148,331884654,"Hj √© dia de culto
Culta a deusa Lana del Rey https://t.co/8SqLvocC3r",Twitter for Android,2020-09-01 22:29:56,0,0,2018,1071,False
149,1025729677716086789,@bona_claire @nur_masriii por favor nao,Twitter for Android,2020-09-01 22:29:56,0,0,201,886,False
150,327036747,"Meus √∫ltimos 3 anivers√°rios foram t√£o estranhos, meu psicol√≥gico estava totalmente abalado e eu chorei em todos eles",Twitter for iPhone,2020-09-01 22:29:56,0,0,1967,2708,False
151,4173750741,@KikoOliveira_06 @xemboa @DiogoooAlveees @djadjamann @martim_remedios √âs mesmo disco riscado fds ü§£ü§£ tua m√£e ficou b‚Ä¶ https://t.co/eZMHqHpD00,Twitter for iPhone,2020-09-01 22:29:56,0,0,441,294,False
152,798668652572770304,como falar com a coordenadora do curso,Twitter Web App,2020-09-01 22:29:56,0,0,242,301,False
153,1226908037010665473,"fav: @ticiakkj 
ü§¢: nao lembro aff mas sempre te achei legal
üò≥: uma das melhores coisas q aconteceram esse ano foi a‚Ä¶ https://t.co/n8AvSDSsOS",Twitter Web App,2020-09-01 22:29:56,0,0,83,930,False
154,1140771568651554821,merda perdi a primeira m√∫sica ududjf que √≥dio,Twitter Web App,2020-09-01 22:29:56,0,0,1917,3532,False
155,109637521,@eline__barros @hiancabon @eusoupr @dutel_luiza e ela JURA q vai pintar de rosa tah,Twitter for Android,2020-09-01 22:29:56,0,0,584,286,False
156,1119393121056559105,@Catarinaaa24 Manda a√≠ os nomes,Twitter for Android,2020-09-01 22:29:56,0,0,353,686,False
157,1117507796294041603,@Alemao_eric Bota eu em todos n√©,Twitter for Android,2020-09-01 22:29:56,0,0,323,295,False
158,1260293328446402561,@Sr_Akenori Sei nem que porra √© essaauhsauhsuasakk,Twitter Web App,2020-09-01 22:29:56,0,0,39,98,False
159,955470326,Como voc√™ pode chamar isso de amor se o seu ego √© mais elevado que o teu pr√≥prio sentimento ?.,SeguidorBrisado,2020-09-01 22:29:56,0,0,26828,9039,False
160,1281692700476137472,@ericsouls Nunca chamei.,Twitter for Android,2020-09-01 22:29:56,0,0,2782,2351,False
161,1137886740545495040,@envelopesss_ Marca um joguinho que eu fa√ßo o resto KKKKKKKKKKA,Twitter for iPhone,2020-09-01 22:29:56,0,0,1058,689,False
162,788530076879118336,@artofgabs 2 √© tudo,Twitter Web App,2020-09-01 22:29:56,0,0,43,623,False
163,750668916,Kkkkkkkkkkkkkkkkkkkk saudades mesmo https://t.co/Pc1YUVYg7l,Twitter for Android,2020-09-01 22:29:56,0,0,616,594,False
164,769615499562999809,olha cruzeirenses ‚ùóÔ∏è‚ùóÔ∏è‚ùóÔ∏è me dar rt aqui üò±üò±üò® EU TO FALANDO que o cruzeiro √© grande üòúüòúü•∫üò≥ me dar RT üò≠üòõüòõ pelo amor de D‚Ä¶ https://t.co/bOfpN5QWna,Twitter for iPhone,2020-09-01 22:29:56,0,0,4762,989,False
165,1188670990143905792,@pjmclarity usa o seu ?,Twitter for Android,2020-09-01 22:29:56,0,0,6313,6579,False
166,895507855,@anistorv AMIGA EU TAMBEM N√ÉO,Twitter for iPhone,2020-09-01 22:29:56,0,0,2046,860,False
167,1147960424949833730,@MERMlSTERY quanto oq? '-',Twitter for Android,2020-09-01 22:29:56,0,0,387,788,False
168,745437221851893761,ser amada https://t.co/1m9mJwSCjE,Twitter for iPhone,2020-09-01 22:29:56,0,0,158,279,False
169,1149954231186731008,"@bea_triz0606 Exatamente, rsrsrsrs",Twitter for Android,2020-09-01 22:29:56,0,0,567,351,False
170,2332649935,"amo a motorola mas √© muito dif√≠cil ser uma afrobege c esse celular, eu fico 5x mais clara q o normal, volta iphone",Twitter for Android,2020-09-01 22:29:56,0,0,941,351,False
171,3000623864,@certezamente √â o mercado a funcionar,Twitter for Android,2020-09-01 22:29:56,0,0,339,576,False
172,793948504234348544,@mattypatt_ @janetmuhate A jogar na defensiva j√°,Twitter for iPhone,2020-09-01 22:29:56,0,0,3677,1244,False
173,1110990013976715266,conan gray lan√ßa logo kid krow deluxe eu n√£o aguento mais reclamar,Twitter for iPhone,2020-09-01 22:29:56,0,0,215,487,False
174,800472347597672448,"@InacioBellas O caso √© que ata o final aguantaron practicamente todos xa que subiron a bloque.
Estamos no cuarto d√≠‚Ä¶ https://t.co/lr88XHoyzU",Twitter for Android,2020-09-01 22:29:56,0,0,291,275,False
175,969574052540178437,"J√° jantei e vou pegar um fut, a√≠ √© triste",Twitter for Android,2020-09-01 22:29:56,0,0,1015,764,False
176,873225663377014784,"Desculpa a gnt vai conversando e o seu nome √© uma delicia 
?????????????????? https://t.co/mnEgMUeTdD",Twitter for iPhone,2020-09-01 22:29:56,0,0,129,597,False
177,724241258978381824,@raely_as Se respeita eu em,Twitter for iPhone,2020-09-01 22:29:56,0,0,456,487,False
178,1052753168789057537,@wtrmelonsugxr Ss vc √©,Twitter for iPhone,2020-09-01 22:29:56,0,0,243,210,False
179,1161361667516747776,N√£o tem nada que me prenda mas eu me sinto preso,Twitter for Android,2020-09-01 22:29:56,0,0,70,214,False
180,1076655429118279680,Mulher que tem aquele buxin quando senta s√£o as melhores merm√£o pode confiar kkkkk,Twitter for Android,2020-09-01 22:29:56,0,0,109,105,False
181,4557691769,@bardineira Mulher do c√©u,Twitter for Android,2020-09-01 22:29:56,0,0,201,83,False
182,1268648541620224004,√âpoca que ela n√£o era uma escrota,Twitter for iPhone,2020-09-01 22:29:56,0,0,812,704,False
183,1059167948672241664,@BetoXVI @jaomarcello7 T√¥ quase me suicidando de vergonha alheia...,Twitter Web App,2020-09-01 22:29:56,0,0,270,353,False
184,1188338722779140096,oh v√©i eu quero trocar o fixado ü§° https://t.co/THgxkjoU9a,Twitter for iPhone,2020-09-01 22:29:56,0,0,2218,2145,False
185,1197324552377909248,@traffdlaw @Palaze_priv Foi no time exato qqqq t√° mesmo KKKKKKK,Twitter for Android,2020-09-01 22:29:56,0,0,141,231,False
186,2677608662,"Santos x Vasco: prov√°veis escala√ß√µes, desfalques e onde ver https://t.co/YmbpbmtNkr https://t.co/e2Ib0Buq8C",Twitter for Android,2020-09-01 22:29:56,1,0,14442,212,False
187,1157824415066918914,"@LucasUrsini1 beleza, se eu n for bem volto com o meu ez",Twitter Web App,2020-09-01 22:29:56,0,0,185,250,False
188,938260013428158470,@FalatuLz Obgd mano tmj,Twitter for iPhone,2020-09-01 22:29:56,0,0,868,240,False
189,1291519304421322752,sera q a header combinou com o icon üò™üò™üò™üò™,Twitter for Android,2020-09-01 22:29:56,0,0,305,791,False
190,1238688725795844096,@maliknyaz @btscelest @byhopegguk @ifsooya tbm n sei eu nem sabia oq falar sobre mimü§°ü§°ü§°ü§°ü§°ü§°ü§°ü§°ü§°,Twitter for Android,2020-09-01 22:29:56,0,0,1583,1573,False
191,1090223672554672128,"@leonardoviw @monosketaok @provasextintos Ter um celular que opera t√£o bem qto um iPhone
Por√©m
Por um pre√ßo muito inferior",Twitter for Android,2020-09-01 22:29:56,0,0,99,655,False
192,4077717016,E esse pagodinho  ü•∞,Twitter for Android,2020-09-01 22:29:56,0,0,572,250,False
193,2932225888,@ogonzaga_ Me da uma muda ai,Twitter Web App,2020-09-01 22:29:56,0,0,483,709,False
194,816058032148848643,"@vjuliana02 Experimenta gostar de mulher, elas manipulam a gente, a gente vira gado e ainda chora enquanto elas vao‚Ä¶ https://t.co/0Gj4bzkPZv",Twitter for Android,2020-09-01 22:29:56,0,0,92,627,False
195,105937554,@menorpq Vai nada t√° geral solto ai ainda recebendo,Twitter for iPhone,2020-09-01 22:29:56,0,0,961,1013,False
196,1077046660809789440,"@sergiodireita1 existe coinci√™ncia HUMANA, a √∫nica cor que a coinci√™ncia tem √© ""cinza"" que √© a cor do cer&amp;bro, simples assim",Twitter for Android,2020-09-01 22:29:56,0,0,1226,1537,False
197,1289752626461057024,"Ana falou que um filtro q postei nos friends √© meu, ele √© colorido e estilo Tie Day... aiiiii q lindo ela achar issoooo üíòüíòüíòüíòüíòüíò",Twitter for iPhone,2020-09-01 22:29:56,0,0,26,29,False
198,1262200356953604097,tenho https://t.co/VqLKgEnOTq,Twitter for iPhone,2020-09-01 22:29:56,0,0,1857,1976,False
199,737407757586927616,vou levar um pouco de caldo verde p minha sogra,Twitter for Android,2020-09-01 22:29:56,0,0,782,323,False
200,1238809445074944002,@jkhyunj t√° perdoade,Twitter Web App,2020-09-01 22:29:56,0,0,9297,5860,False
201,1051990696616493057,@hstbrasil lindoü•∞ü•∞,Twitter for iPhone,2020-09-01 22:29:56,0,0,139,288,False
202,3290936618,Pela Festinha Da Sophia üòç,Twitter for Android,2020-09-01 22:29:56,0,0,1303,261,False
203,85067687,"@uespiiiiii criando novos desafios sempre
o c√©u √© o limite",Twitter Web App,2020-09-01 22:29:56,0,0,590,2305,False
204,1295923715692167169,"Nova promo√ß√£o para voc√™s, nossos clientes!!! üçîüòãüçüü•§ https://t.co/ASjXiQhXIw",Twitter for Android,2020-09-01 22:29:56,0,0,49,58,False
205,1292844701356261376,"finalmente comprei gilete nova, am√©m",Twitter Web App,2020-09-01 22:29:56,0,0,267,259,False
206,3410559663,"@leticianews KKKKKKKKKKKKKKKK
leticiaaaa üó£",Twitter Web App,2020-09-01 22:29:56,0,0,381,353,False
207,1288170259476865026,@followtxarmy Helooooo...EU AQUIIIIIII VAIIIIII PFVRRRR V√âI,Twitter for Android,2020-09-01 22:29:56,0,0,1780,1777,False
208,1134556313730584577,N√£o posso deitar um pouquinho que j√° durmo,Twitter for Android,2020-09-01 22:29:56,0,0,669,535,False
209,4637785541,@biamariac @Bancointer @Bancointer est√° me decepcionando.. faz mais de 1 m√™s que estou com problema na aba de cart√µes e  sem solu√ß√£o,Twitter for Android,2020-09-01 22:29:56,0,0,3,187,False
210,3239634581,"@thedylanmc tenho muita vontade, mas a pregui√ßa √© maior que tudo",Twitter for iPhone,2020-09-01 22:29:56,0,0,616,513,False
211,1890653528,@dmycvu @peitany exatamente https://t.co/QfcsN9mI9W,Twitter Web App,2020-09-01 22:29:56,0,0,27,36,False
212,1186951591204667392,a mais organizada,Twitter for Android,2020-09-01 22:29:56,0,0,926,858,False
213,1187564242448343040,"@jiIIow sim contra *ce cream, posta os emojis tbm ü§¢ üí£ ‚ò†Ô∏è",Twitter for Android,2020-09-01 22:29:56,0,0,5109,589,False
214,241954117,@luscas Meu deus @melo_law_,Twitter for Android,2020-09-01 22:29:56,0,0,2046,701,False
215,1103853405397766144,desenho anatomia ????????? que eu nunca terminei quem amou https://t.co/NIG3MlZRPD,Twitter for iPhone,2020-09-01 22:29:56,0,0,91,251,False
216,1209440955956416512,Vcs viram o video ??,Twitter for Android,2020-09-01 22:29:56,0,0,1607,1615,False
217,1113259052019212288,"@beatIes_ √© uma com√©dia com toques de terror e umas coisas meio g√≥ticas, √© sobre um casal que morre e uma fam√≠lia c‚Ä¶ https://t.co/eaxBdwEGtI",Twitter for Android,2020-09-01 22:29:56,0,0,1417,2871,False
218,42705883,Toda vez que penso nessa banda eu fico https://t.co/rIgDHEV45C,Twitter for iPhone,2020-09-01 22:29:56,0,0,271,248,False
219,1253030808027377664,üíûhüíûoüíûsüíûeüíûoüíûküíû,Twitter for Android,2020-09-01 22:29:56,0,0,168,328,False
220,743389719535423488,@LucasGsr7 Vais com quem?,Twitter for iPhone,2020-09-01 22:29:56,0,0,318,450,False
221,1253430127712595968,Nem lascando q eu consigo fazer isso KKKKK *estava pensando em fazer pro niver da Lili* https://t.co/FPORK25nuc,Twitter for Android,2020-09-01 22:29:56,0,0,51,144,False
222,355103113,@francinev_ Todo dia algu√©m me manda mensagem falando que viu ela kkkkkkkkkkkkkkkkk,Twitter Web App,2020-09-01 22:29:56,0,0,628,502,False
223,765680675974504448,@sofiavrrgara Meu cora√ß√£o n√£o aguenta com tanta beleza,Twitter for Android,2020-09-01 22:29:56,0,0,3882,1437,False
224,2932730541,"que isso, perdi 3 cal√ßa",Twitter Web App,2020-09-01 22:29:56,0,0,514,239,False
225,871571715826085890,to com a pulga atr√°s da orelha,Twitter for iPhone,2020-09-01 22:29:56,0,0,1071,1155,False
226,4536696323,@achllesheel KKKKKKKKKKKKK AMO,Twitter for Android,2020-09-01 22:29:56,0,0,985,1427,False
227,868583240709308416,#ooutrolado Ana com gatinhos. üòª https://t.co/yEjeNtT9rk,Twitter for iPhone,2020-09-01 22:29:56,0,0,1160,932,False
228,1004137043268657152,@sunnybaudeIaire CANCELA √â 60% CALCULEI ERRADO,Twitter Web App,2020-09-01 22:29:56,0,0,142,118,False
229,1031554445820276736,Uma obsess√£o chamada rolinho primavera,Twitter for iPhone,2020-09-01 22:29:56,0,0,123,33,False
230,1079098661580214272,@mullermff n sei aonde Akkkkkkkkkkkkk,Twitter for iPhone,2020-09-01 22:29:56,0,0,1859,1005,False
231,1122638192124080128,@govsna vou apoiar meu irm√£o pra vc e tu vai mudar de id√©ia dps,Twitter for Android,2020-09-01 22:29:56,0,1,142,172,False
232,3035854882,nem gosto ‚úåüèæ,Twitter Web App,2020-09-01 22:29:56,0,0,451,379,False
233,87296364,novo status: pessoas que visitaram meu perfil https://t.co/Wv5jWuBJex,Twitcom - Comunidades ,2020-09-01 22:29:56,0,0,104,76,False
234,957254795257106432,@Lislayne2 Austin te implora thominhas @thomassantanas,Twitter for iPhone,2020-09-01 22:29:56,0,0,602,581,False
235,1218519232956248064,@folha Com esse d√≥lar?,Twitter for iPhone,2020-09-01 22:29:56,0,0,143,632,False
236,1022555123078385666,eu ia at√© parar de beber um pouco cr mas lembrei que semana que vem √© meu anivers√°rio,Twitter for iPhone,2020-09-01 22:29:56,0,0,590,417,False
237,1255934347045208068,"@bia_fonseca24 E ai mana, vai rolar o churras?",Twitter for Android,2020-09-01 22:29:56,0,0,149,277,False
238,1182308308633427970,MAM√ÉE DE 2 T√Å KKKKKK INTACTA üòôüòÇ as bixa bota o dedo no cu e rasga kkkkkkkkkkkk,Twitter for Android,2020-09-01 22:29:56,0,0,76,170,False
239,188365988,@rafaeelfranco Aproveita e leva que √© teu,Twitter for Android,2020-09-01 22:29:56,0,0,499,560,False
240,930070926619762688,@guimaraes13PT E os Dolares na cueca ?,Twitter for Android,2020-09-01 22:29:56,0,0,41,79,False
241,1063996218056105984,"@stormexx @Higorkiko__ Bolinho de chuva de cenoura, oi?/2",Twitter for Android,2020-09-01 22:29:56,0,0,33,114,False
242,1296276267558490115,@cherryrar Eu t√¥ com medo Cherry segue alguem a√≠ vai,Twitter for Android,2020-09-01 22:29:56,0,0,3,28,False
243,1129172525399912454,Ai gente a Lohana √© a pessoa mais burra desse mundo,Twitter for Android,2020-09-01 22:29:56,0,0,309,127,False
244,1207323515260735496,vou flodarrr https://t.co/JujW1BJIcG,Twitter for Android,2020-09-01 22:29:56,0,0,290,345,False
245,1022194030543818755,"Terminou o #AlertaNacional, mas amanh√£ tem mais √†s 18h00
Amanh√£ tem a estreia do quadro A Batalha das Drags.",Twitter for Android,2020-09-01 22:29:56,0,0,211,414,False
246,1040019435124387841,eu sou o av√¥ das netas que n√£o queimaram,Twitter Web App,2020-09-01 22:29:56,0,0,11333,397,False
247,772528353375035392,@syndinx prometo ficar ü•∫ü§ç,Twitter for iPhone,2020-09-01 22:29:56,0,0,484,441,False
248,162202171,"Confirmado, Poncho Herrera es el Zayn Malik de RBD, F üòûüòûüò¢",Twitter for Android,2020-09-01 22:29:56,0,0,1856,2478,False
249,1263983818421211138,@yutannarr Sabia que um dia as coisas dariam certo p eu KKKKKK,Twitter for Android,2020-09-01 22:29:56,0,0,80,195,False
250,3987279694,"90 conto o primeiro volume de vagabond, 60 conto usado",Twitter for iPhone,2020-09-01 22:29:56,0,0,646,427,False
251,2387942784,qual √© a melhor maneira de te convidar pra um date? ‚Äî Mandar mensagem  https://t.co/WX9mruatCS,Twitter for iPhone,2020-09-01 22:29:56,0,0,1204,764,False
252,897574044278693890,@leomendes1903 @PedroFeil A fdp furando isolamento kkkkkkkkkkk,Twitter for Android,2020-09-01 22:29:56,0,0,157,201,False
253,889570576871903233,Hoje vou fazer hamb√∫rguer üòç,Twitter for iPhone,2020-09-01 22:29:56,0,0,633,1291,False
254,210887681,se a bruna vai ser cancelada eu j√° preparo o pano p passar p ela,Twitter for iPhone,2020-09-01 22:29:56,0,0,1234,297,False
255,1151560130854567936,@garricsoat @BastidoresDaTV Pois √© minino.. t√¥ esperando at√© agoraü§≠,Twitter for Android,2020-09-01 22:29:56,0,0,86,464,False
256,930245008803983360,"@euheinale Ainnn eu imagino, j√° to chorando de casa, imagina se eu tivesse a√≠ üò≠üò≠",Twitter for iPhone,2020-09-01 22:29:56,0,0,187,174,False
257,893614720623812608,@mattossmilene Nada a declarar,Twitter Web App,2020-09-01 22:29:56,0,0,285,386,False
258,1252981029675163648,@90STINITA meu deus eu n sabia ü§°,Twitter for Android,2020-09-01 22:29:56,0,0,9381,4735,False
259,1259653566660313088,"Procuro um estagi√°rio que queira aprender a fazer projeto.
1. Que tenha interesse
2. Saiba o b√°sico do b√°sico do Au‚Ä¶ https://t.co/adYXeFXjnr",Twitter for iPhone,2020-09-01 22:29:55,0,0,98,198,False
260,900165426516307968,@DaniloGentili Digo e nada kk https://t.co/GgPmlHuMsb,Twitter for Android,2020-09-01 22:29:55,0,0,31,329,False
261,782252159945547776,"Sei l√°, mais eu fico triste quando vejo um casal separando, cara √© muita coisa vivida pra acabar num adeus...ü§¶‚Äç‚ôÄÔ∏èüíî https://t.co/MQq9U6B5Kq",Twitter for Android,2020-09-01 22:29:55,0,0,173,202,False
262,1270343832392151042,"Pqp s√£o os Patr√µes
#ExaBFF #ExaARMY https://t.co/yzQr5rxu64",Twitter for Android,2020-09-01 22:29:55,0,0,67,164,False
263,1293847747184013312,@Joaogault Hmmm √© estranho porque sempre quando ela fala de ego√≠smo diz que n√£o tem problema em ajudar os outros co‚Ä¶ https://t.co/pt6JfvS6oj,Twitter Web App,2020-09-01 22:29:55,0,0,59,233,False
264,3816461295,Ent√£o meu diz o que √© amor pvoc√™ee eh eh,Twitter for iPhone,2020-09-01 22:29:55,0,0,172,97,False
265,1114905415391895552,"preconceito com quem me chama de ""anjo""ü§ù",Twitter for Android,2020-09-01 22:29:55,0,0,601,407,False
266,1249889110745133056,@Julhaarruda FOI SINCERO SIM TA,Twitter for iPhone,2020-09-01 22:29:55,0,0,589,560,False
267,1109610739755552774,ah pronto meu deus,Twitter for iPhone,2020-09-01 22:29:55,0,0,2535,2337,False
268,1273711679730339841,"Pensando que amanh√£ cedo tem indiretas
SOS",Twitter for Android,2020-09-01 22:29:55,0,0,28,100,False
269,1227622455646314496,@kibunism o legal que esse post pode ser direcionado pra metade do twitter certinho,Twitter Web App,2020-09-01 22:29:55,0,1,946,1739,False
270,1158153023056687104,E eu e Ana que fazemos chamada pra estudar juntas e uma motivar a outra üëâüèΩüëàüèΩ,Twitter for Android,2020-09-01 22:29:55,0,0,236,282,False
271,1167166469467246597,@wonderwlux o garoto eh assim vc acha que se eu pular nele ele n da uma de Pablo vittar seguran√ßaaaa seguran√ßaaaa https://t.co/BVNZG62EZG,Twitter for Android,2020-09-01 22:29:55,0,0,1062,753,False
272,1193236765294903296,@iserkanbolat Eu sou a pessoa que assiste as duas kkkkkkkkkkkkkkkkk,Twitter for Android,2020-09-01 22:29:55,0,0,2021,1383,False
273,178550935,üó£üó£üó£üó£üó£üó£üó£acorda luisa https://t.co/0oTjI1aTKc,Twitter for iPhone,2020-09-01 22:29:55,0,1,812,618,False
274,367928175,@leosaal Eu compro vari√°vel pelo BB.,Twitter for Android,2020-09-01 22:29:55,0,0,83,304,False
275,3839020937,@iamkarinee @whoislecameleca Nunca ficou off kkkkkk,Twitter for Android,2020-09-01 22:29:55,0,0,1467,1044,False
276,1222644616966692871,que agonia o emoji [üíÖ] n√£o √© alinhado com as letra,Twitter for Android,2020-09-01 22:29:55,0,0,489,787,False
277,1013814051703525376,@Sodre77 @NathanVila6 tchauuüëã,Twitter for iPhone,2020-09-01 22:29:55,0,0,73,108,False
278,387831595,"@carla_giovanaa meu anjinho muito obrigada!!!!! infelizmente nunca estamos preparados pra essas coisas, mas com ess‚Ä¶ https://t.co/f0DyEKzCqQ",Twitter for Android,2020-09-01 22:29:55,0,0,440,476,False
279,1050598257963847682,@PoSthefany Vai dar super por causa da barriga ele estica,Twitter for iPhone,2020-09-01 22:29:55,0,0,168,117,False
280,1116526067672547339,Dando RT p pegar o n√∫mero de geral ksksksks.boa noite site https://t.co/h1VEmtZZHT,Twitter for Android,2020-09-01 22:29:55,0,0,794,660,False
281,329200087,"Sou Mais Bahia no #juntospelavida

Eu, @matheusbarbaco e @vgatorres estamos juntos nessa! Se precisar, ou souber de‚Ä¶ https://t.co/Qsf4TtiEQa",Twitter for Android,2020-09-01 22:29:55,0,0,91,153,False
282,1208495007755309058,"It's the truth. Fiquei um m√™s inteiro com essa rotina, sem comer um √∫nico doce ou besteiras. https://t.co/DDSLfFLSzf",Twitter Web App,2020-09-01 22:29:55,0,0,1679,1769,False
283,793819314176557056,@Lkunner_ @LCS_pqp @Ubitaa69 Amigo em campeonato?? Vc nunca deve ter jogado Camp de nada kkkkkkkk,Twitter for Android,2020-09-01 22:29:55,0,0,133,266,False
284,4731859032,"e n eh q minha v√≥ fez 
af amo ‚ù§Ô∏è",Twitter for iPhone,2020-09-01 22:29:55,0,0,1563,306,False
285,2855919113,@draprinchisnki @guirheniuss @Mirandaa047 fala oq tu acha sobre um cara que tem uma foto de perfil dessa mora em bc e fala isso ?,Twitter for Android,2020-09-01 22:29:55,0,0,257,172,False
286,1242516808688635905,@nyximenes e eu que fico segurando a cabe√ßa da minha irm√£ de baixo do chuveiro pq ela n√£o gosta de lavar o cabelo KKKKKKKKKKKKL,Twitter for Android,2020-09-01 22:29:55,0,0,64,72,False
287,1186395809409056773,a pessoa que faz um tweet desses claramente n√£o √© f√£ da iu porque n√£o teve o m√≠nimo de esfor√ßo pra considerar o tan‚Ä¶ https://t.co/ddFl5qjKJG,Twitter Web App,2020-09-01 22:29:55,0,0,199,134,False
288,1283775113100513281,"CUPOM DE DESCONTO AMAZON! 

Ganhe descontos exclusivos comprando pelo nosso link! https://t.co/yHTkxlOMsD  https://t.co/5gbulmyiYE",TweetDeck,2020-09-01 22:29:55,0,0,43,0,False
289,902590336257720320,"Ta se mordendo de raiva, ta se mordendo de raivaaa",Twitter for Android,2020-09-01 22:29:55,0,0,488,352,False
290,846064973507911681,@dmartinssss Queria muito estar na brisa ..... a√≠ a√≠ kkkkk,Twitter Web App,2020-09-01 22:29:55,0,0,271,331,False
291,136455365,@secomvc @jairbolsonaro governo de assassinos,Twitter for Android,2020-09-01 22:29:55,0,0,776,567,False
292,916459787717611521,@yascs13 toma eu te falei,Twitter for iPhone,2020-09-01 22:29:55,0,0,894,723,False
293,22986757,"@ParisSG_Brasil Dentre as op√ß√µes de momento, pensando que o PSG n√£o ir√° investir tanto na posi√ß√£o, √© uma √≥tima escolha.",Twitter for Android,2020-09-01 22:29:55,0,0,494,1840,False
294,1249836137088200705,"Chance no P√≥s-Vacina: nula, baixa, m√©dia ou alta?

1- baixa
2- alta 
3- baixa 
4- alta 
5- nula
6- nula
7- alta
8-‚Ä¶ https://t.co/D5FGaNVAGk",Twitter for iPhone,2020-09-01 22:29:55,0,0,104,108,False
295,1163988389315715073,@DaniloGentili Parece meu amigo @KennerNicoletti que chora por tudo,Twitter for Android,2020-09-01 22:29:55,0,0,8,141,False
296,1011039736939630592,"n√£o mano, n√£o mesmo https://t.co/Nh0IQxf9VT",Twitter for Android,2020-09-01 22:29:55,0,0,963,907,False
297,741390796608376833,"@trajaza Qualquer coisa, pfv, t√¥ precisando

Lorena F

PREVIS√ÉO COM NOMES",Twitter for Android,2020-09-01 22:29:55,0,0,2879,4981,False
298,945395851693887488,"MINHA SOGRA (q n√£o sabe q √© minha sogra) REAGIU AO MEU STORY  
surtei fodase https://t.co/LO505a0P9a",Twitter for Android,2020-09-01 22:29:55,0,0,283,407,False
299,2911722783,"eu gosto de andar sozinho
n√£o ligo se vc vier comigo",Twitter for iPhone,2020-09-01 22:29:55,0,0,115,216,False
300,89521401,o seu perfil foi visto por 8 pessoas nas √∫ltimas 12 horas https://t.co/lvNSlQVbGi,Twitcom - Comunidades ,2020-09-01 22:29:55,0,0,295,262,False
301,1242231044373385217,@nicoleiql ah nao,Twitter for iPhone,2020-09-01 22:29:55,0,0,804,634,False
302,750710222897938433,@JooaoMarcelo_Dl Kkkkk deu ruim,Twitter for Android,2020-09-01 22:29:55,0,0,396,451,False
303,1261485138447392769,"@qlpbn rapaz, n√£o fala isso",Twitter for Android,2020-09-01 22:29:55,0,0,338,419,False
304,914953112842010624,Gostam de brincar com sentimentos voc√™s,Twitter for iPhone,2020-09-01 22:29:55,0,0,1183,721,False
305,1037816117929168896,"@inseigure bem, considerando o teu n√≠vel de beleza, voc√™ n√£o ganha apenas isso, mas tamb√©m leva um produto da lojin‚Ä¶ https://t.co/8f11mBUFBk",Twitter for Android,2020-09-01 22:29:55,0,0,2079,2202,False
306,426758236,Meu irm√£o foi tomar banho e t√° ouvindo uns pagodes,Twitter for iPhone,2020-09-01 22:29:55,0,0,1319,1673,False
307,763228773571592192,@kethmoon_ @__geovvana so se vc n√£o tiver nele n√©,Twitter for Android,2020-09-01 22:29:55,0,0,412,365,False
308,4106433915,Desconta tudo no fut hj üí™üèΩ,Twitter for Android,2020-09-01 22:29:55,0,0,81,161,False
309,2433563222,S√≥ me apetece mandar tudo com o caralho.,Twitter for iPhone,2020-09-01 22:29:55,0,0,4255,1456,False
310,1261869902962532352,to s√≥ esperando meus pais chegarem pra comer,Twitter Web App,2020-09-01 22:29:55,0,0,189,326,False
311,3921554535,*random pacman noises*,twittbot.net,2020-09-01 22:29:55,0,0,12,13,False
312,3108116877,@HistoriaNoPaint a consequ√™ncias de um mundo com tecnologia,Twitter for iPhone,2020-09-01 22:29:55,0,0,469,852,False
313,892077100307447812,recebi uma intima√ß√£o da minha v√≥ ksksks,Twitter for iPhone,2020-09-01 22:29:55,0,0,900,809,False
314,1201952989084291073,@sevillayshr s√≥ voltei com lia pq o povo n tava me reconhecendo üòîüòî,Twitter Web App,2020-09-01 22:29:55,0,0,791,785,False
315,1256038929670832136,@KaiodaColmbia1 Eu comi feij√£o no almo√ßo de tanto voc√™ falar na minha cabe√ßa √© agora estou triste √©  mere√ßo lanchar sim T√°,Twitter for Android,2020-09-01 22:29:55,0,0,360,290,False
316,294295429,"@SOCIOFLA S√≥ 15 anos???essa justi√ßa do Brasil √© uma vergonha, √© simplesmente uma piada,que nojo sinto de ser brasileiro nessas situa√ß√µes",Twitter for Android,2020-09-01 22:29:55,0,0,38,679,False
317,1289374070384070657,"@belzees ...Com licen√ßa, se n√£o for muito rude, voc√™ √© o diabo ou algo assim?",Twitter for Android,2020-09-01 22:29:55,0,0,89,148,False
318,942904025611202563,Vey t√¥ cada vez mais CHATA com essa hist√≥ria de dividir apto inicialmente eu tava ok em dividir um quarto com at√© 2‚Ä¶ https://t.co/QhqYyyOacy,Twitter for Android,2020-09-01 22:29:55,0,0,492,1059,False
319,4068809795,amanh√£ eu corto meu cabelo pqp,Twitter for iPhone,2020-09-01 22:29:55,0,0,323,300,False
320,1134489103716835333,@Kleferdias @V4ldeirOficial @FabianaBPB @mcruz2000 @mfmbarr @MagnoLMendes @EwertonSanti3 @____ADRI_ANA___‚Ä¶ https://t.co/hcjYfZK2fc,Twitter for Android,2020-09-01 22:29:55,0,0,2172,3863,False
321,1072864481649188864,@joalinxbeau VC Q √â,Twitter for Android,2020-09-01 22:29:55,0,0,2062,1673,False
322,65447083,@lucasgamadub Vc ok pa faz carinho no meu cabelo,Twitter for iPhone,2020-09-01 22:29:55,0,0,493,179,False
323,1278041853716242432,"Minha tia: que hist√≥ria √© essa q tu t√° postando coisa de "" s√≥ falta ele na tua"" KKKKKKKKKKK",Twitter for Android,2020-09-01 22:29:55,0,0,18,24,False
324,844211613519548418,QUE RAIVA EU TO APAIXONADO COM LED ZEPPELIN VEI.,Twitter Web App,2020-09-01 22:29:55,0,0,380,704,False
325,985494348216389633,@youisdy eu odeio essa merda,Twitter for Android,2020-09-01 22:29:55,0,0,2023,2024,False
326,1183106897496494083,"se voc√™s soubessem a quantidade de l√°grimas que sa√≠ram nos meus olhos nestes √∫ltimos 6 meses , at√© fico parva üòÇ",Twitter for Android,2020-09-01 22:29:55,0,0,216,795,False
327,2715097935,@Julio_Feder12 Me perdoa mas esse eu acho meio bosta kkkkk,Twitter for Android,2020-09-01 22:29:55,0,0,57,46,False
328,1253446184653467649,"AAAAAAA EU QUERO MUITO ESCUTAR ESSA M√öSICA,VAMOS FAZER ELA BOMBAR GENTEE
#nananaspanish",Twitter for Android,2020-09-01 22:29:55,0,0,74,163,False
329,1176181779696422915,Sonho https://t.co/nHiU87ehbQ,Twitter for iPhone,2020-09-01 22:29:55,0,0,358,489,False
330,1193906625704288257,@arccanjomiguel va cuspi pra cima e pegar com o cu va,Twitter for Android,2020-09-01 22:29:55,0,0,269,225,False
331,3340605947,"comprei tanta coisa linda pra loja, to ansiosa pra caramba pra postar",Twitter for Android,2020-09-01 22:29:55,0,0,317,403,False
332,1199403756892364800,"@cpxerril 
ü§¢: primeira impress√£o:que gato
ü§ôüèæ: n√≠vel de proximidade:90%
ü§î: Confesso que:vc √© muito especial 
üò°: gost‚Ä¶ https://t.co/c7ONSqfDda",Twitter for iPhone,2020-09-01 22:29:55,0,0,318,267,False
333,2537539920,"üëâMais oito casos de Covid-19 em SJB
https://t.co/gaQgO9W8Lq",Twitter Web App,2020-09-01 22:29:55,0,0,207,1557,False
334,308181957,Sucessooooooo üì≤ü§ë,Twitter for Android,2020-09-01 22:29:55,0,0,428,305,False
335,1024827953576902657,"Eu sei n√£o d√° mais pra aguentar, eu olho pro alto, vem o socorro, meu Deus pode fazer, muito mais, Ele te ouve, Cri‚Ä¶ https://t.co/wHImfOaKnw",Twitter for iPhone,2020-09-01 22:29:55,0,0,1033,595,False
336,1258186567908298752,@ma_fernanda06 Dm amg,Twitter for Android,2020-09-01 22:29:55,0,0,692,615,False
337,1210834560788787201,"tutututu amoh, gosto mto da musica, o mv ta ta lindo https://t.co/sXGweY1u6X",Twitter Web App,2020-09-01 22:29:55,0,0,697,833,False
338,1300159388506882048,@annademoicano 13 anos nem parece üòãüçΩÔ∏è,Twitter Web App,2020-09-01 22:29:55,0,0,10,132,False
339,1209959429128564736,"@sublueth Hdjsbdjs hermoso, que bueno que te gust√≥, amorcito /besito",Twitter for iPhone,2020-09-01 22:29:55,0,0,258,297,False
340,1132825341918097408,@todayhascake achei diferente,Twitter for iPhone,2020-09-01 22:29:55,0,0,72,164,False
341,2287952947,Sil√™ncio!,Twitter for Android,2020-09-01 22:29:55,0,0,482,551,False
342,1003775973161127938,Eu preciso voltar a viver em sociedade,Twitter for Android,2020-09-01 22:29:55,0,0,118,308,False
343,1123381364785668096,"@bulrges que tu √© mto engra√ßado, tem mto controle, e amo tua personalidade e √© bonito",Twitter for Android,2020-09-01 22:29:55,0,0,762,686,False
344,1288248796468699144,@xtoxicdruxgx @downforruell @adoringuruel @roswsss @bluejeanwsh @Docinho031 @allforuel @allthelovelmix‚Ä¶ https://t.co/J9lcOPg8z7,Twitter for Android,2020-09-01 22:29:55,0,0,602,690,False
345,1182998247595499520,@poetryhong a gente :((( sempre,Twitter Web App,2020-09-01 22:29:55,0,0,1117,1081,False
346,1267778835178835968,@palloma_rezende ja perguntei pra duas pessoas mas nenhuma me respondeu,Twitter for Android,2020-09-01 22:29:55,0,0,3943,4471,False
347,121881197,@gisteffler MDS que coisa mais insuport√°vel esses coment√°rios com v√≠deo. √Äs vezes vou clicar pra ver se √© sobre o c‚Ä¶ https://t.co/xIlTgeTJj9,Twitter for iPhone,2020-09-01 22:29:55,0,0,84,53,False
348,1241043960476446720,O LOOOOOP MEU PAI https://t.co/DAW7DaSe76,Twitter Web App,2020-09-01 22:29:55,0,0,1530,1221,False
349,1276206851177230338,"Eu falando ""gente"" aq no tt https://t.co/xZWCpAMHYl",Twitter for Android,2020-09-01 22:29:55,0,0,40,67,False
350,707265607759237120,@mjsdf1 @SuperesportesMG T√° foda mesmo...,Twitter Web App,2020-09-01 22:29:55,0,0,241,203,False
351,3755482455,@user8383737249 que isso .,Twitter for Android,2020-09-01 22:29:55,0,0,4984,3983,False
352,2601729692,@olltiibabe agora,Twitter for Android,2020-09-01 22:29:55,0,0,323,680,False
353,1258883255555837953,ouvindo rock do mais pesado aqui https://t.co/aXO9FgArgD,Twitter for iPhone,2020-09-01 22:29:55,0,0,313,353,False
354,1293048080338649088,"@miihftvoltan Tu vai ter baixar pelo Google ent√£o amg, v√™ l√° no perfil da @xodothurzin como √©",Twitter for Android,2020-09-01 22:29:55,0,1,155,213,False
355,227077100,sou sempre a √∫ltima a entrar na aula üò¨,Twitter for iPhone,2020-09-01 22:29:55,0,0,10350,5964,False
356,1184267216218447873,@kkmarlboro @Ieqiaourbana T√î COM ESSA M√öSICA NA CABE√áA DESDE HOJE CEDO E COM VONTADE DE MORRER,Twitter Web App,2020-09-01 22:29:55,0,0,77,240,False
357,1151312360256266246,o talento----üó£Ô∏è https://t.co/qAdh1vqX5d,Twitter for Android,2020-09-01 22:29:55,0,0,71,198,False
358,1199972347471683584,"https://t.co/Au8liXj0TA
üê® sim, mas √© realmente fascinante
üê®, como √© &lt;o dia em que recebermos billboard # 1&gt; seu ani‚Ä¶ https://t.co/EWt47ykCka",Twitter Web App,2020-09-01 22:29:55,0,0,3298,5003,False
359,1205934144347410439,"@lantsovicc 1000, quem amou? eu amei",Twitter for iPhone,2020-09-01 22:29:55,0,0,1291,1434,False
360,759396858154319872,Se vcs me v√™ na rua tocando guitarra imaginaria √© pq t√¥ escutando Rage Against the Machine,Twitter for Android,2020-09-01 22:29:55,0,0,227,353,False
361,1171484607943860236,√â uns detalhezinhos que desanima a gente n√©,Twitter for Android,2020-09-01 22:29:55,0,0,90,27,False
362,1197628013749379077,kkkkkkkkkkkkkkkkk meu Deus eu amei https://t.co/WlALFjMLbH,Twitter for iPhone,2020-09-01 22:29:55,0,0,171,159,False
363,825361043287326721,A gente ia ate fazer uma fogueira https://t.co/eaGgMAkBkh,Twitter for Android,2020-09-01 22:29:55,0,0,102,370,False
364,1033814026948694018,@punkgrazer vix daqui ate tirar ja √© 2099,Twitter for Android,2020-09-01 22:29:55,0,0,971,1155,False
365,992834833679310848,Vontade de comer doce que n√£o passa nunca,Twitter for Android,2020-09-01 22:29:55,0,0,272,216,False
366,911269640,CASANOVA REGALAS TALENTO PURO,Twitter for iPhone,2020-09-01 22:29:55,0,0,1190,769,False
367,67968198,Escolhendo revestimento https://t.co/Dzva9u4yZb,Twitter for iPhone,2020-09-01 22:29:55,0,0,29373,595,True
368,1193657331315281925,"casa dos dusley

aproveito e lan√ßo um avada kedrava neles #KCAMexico #IsabelaSouza #JulioPe√±a #Bia https://t.co/7YK0hq1zeD",Twitter for Android,2020-09-01 22:29:55,0,0,436,400,False
369,729707721046544385,n√© poss√≠vel,Twitter Web App,2020-09-01 22:29:55,0,0,409,713,False
370,1079155080052518914,@kodzukenn_ @viih_boke como q vai matar s ela ja ta morta,Twitter for Android,2020-09-01 22:29:55,0,0,990,1725,False
371,595523857,@deanspnbr quando vem üò≠,Twitter for Android,2020-09-01 22:29:55,0,0,11798,3119,False
372,1300432536993255424,"@ggukyibo Com certeza √© Maria da Hwa Sa, essa m√∫sica tem uma vibe m√≥ seduzente kkkkkkkkkkkk",Twitter for Android,2020-09-01 22:29:55,0,0,80,114,False
373,980562691151618048,"Quando a Beyonc√© canta: ""U better call becky with the good hair""

Eu mato o jay z na minha cabe√ßa",Twitter for Android,2020-09-01 22:29:55,0,0,76,244,False
374,884120254166835200,s√≥ queria a nova temporada de b99 :((,Twitter for Android,2020-09-01 22:29:55,0,0,1333,1191,False
375,253725740,pessoas que visitaram meu perfil e grupos que sigo no Twitter https://t.co/OrIGH5qVw9,Twitcom - Comunidades ,2020-09-01 22:29:55,0,0,325,204,False
376,1240303447364304897,@NVCQuin @policiafederal @brasil_IBAMA mas defende macaco e vc vai precisar dele,Twitter Web App,2020-09-01 22:29:55,0,0,188,293,False
377,1222918146643910656,@KConfessi0ns Certeza que se n√£o conhecesse apenas grupos famosos a opini√£o era outra :| d√™em chances a grupos flop‚Ä¶ https://t.co/pBRqqd5rmT,Twitter Web App,2020-09-01 22:29:55,0,0,468,643,False
378,878671438462537728,@katebushr cria a sala a√≠ e me manda link na dm,Twitter for Android,2020-09-01 22:29:55,0,0,1367,198,False
379,1104982372775350272,"@theascaryan Meus prefiridos, msm eu n comprando nem um eu amei esses https://t.co/MnXFiowwRO",Twitter Web App,2020-09-01 22:29:55,0,0,90,136,False
380,153286363,@JuanEtchegoyen @AngeldebritoOk @sierra_agus @natijota @laufer4 Ta lindo,Twitter for Android,2020-09-01 22:29:55,0,0,278,692,False
381,2610687308,"@trajaza s√≥ uma not√≠cia boa..

bruna 
bruna
bruna 
bruna 
bruna

PREVIS√ïES COM NOMES",Twitter for iPhone,2020-09-01 22:29:55,0,0,1062,881,False
382,1035950574838145024,@jpalvescrf Isso √© mole p vc kk,Twitter for Android,2020-09-01 22:29:55,0,0,1062,703,False
383,892507358022299648,@FranciscoPR99 Uhm tenho as minhas duvidas mas se tu o dizesüòÇ,Twitter for Android,2020-09-01 22:29:55,0,1,78,206,False
384,1273985421752651778,"A √∫nica foto desse trio, √© isso https://t.co/kLcH8X6QFj",Twitter for Android,2020-09-01 22:29:55,0,0,23,78,False
385,2242412158,"E crivela dessa tu n√£o escapa 

#redeglobo",Twitter for Android,2020-09-01 22:29:55,0,0,305,767,False
386,1199070293840535552,@MorneL7 mornel tu n√£o sabe planta uma batata caraio,Twitter for Android,2020-09-01 22:29:55,1,0,218,394,False
387,844403888925102086,@jeee_nny @porragiseli Amo voc√™s,Twitter for iPhone,2020-09-01 22:29:55,0,0,133,202,False
388,1132397731744559105,@TomCipher Caralho tu a assistindo sem mim  ;------;,Twitter for Android,2020-09-01 22:29:55,0,0,21,80,False
389,4510329580,"[01/09/2020 19:27:03] Giuliana Maia: Esse tem jeito de bandido
 [01/09/2020 19:27:06] Giuliana Maia: o outro j√° de‚Ä¶ https://t.co/QDnvr8hHba",Twitter for iPhone,2020-09-01 22:29:55,0,0,3737,1003,False
390,1137353443205701639,"@alloveproject @promoniallhbr @stelastore ME PRESENTEIA ATL POR FAVORZINHO!! o niall √© muito importante pra mim, el‚Ä¶ https://t.co/wi8uOCOP3x",Twitter for Android,2020-09-01 22:29:55,0,0,2208,2314,False
391,1109179351348711426,@ACMilan_Brasil @86_longo Esse a√≠ tem um potencial gigante.,Twitter for Android,2020-09-01 22:29:55,0,0,8,108,False
392,799071042383790086,@slaylenagrmez quem topa derrubar a conta da erika?,Twitter for Android,2020-09-01 22:29:55,0,0,1229,1290,False
393,948760062,Eu to adiando esse projeto de Gustavo at√© a morte e to morrendo de sono e tenho que fazer um relat√≥rio para Bruno,Twitter Web App,2020-09-01 22:29:55,0,0,231,260,False
394,1100742071521021952,@Vel4sques @marcospraddo e vamos de?,Twitter for iPhone,2020-09-01 22:29:55,0,0,77,96,False
395,827286117229613057,@flwrforwoo comprei pela ktown4u e foi bem rapido mas taxou,Twitter Web App,2020-09-01 22:29:55,0,0,2034,1848,False
396,4473614914,hoje ser√° na base s√≥ das mais tristes do Coldplay,Twitter for Android,2020-09-01 22:29:55,0,1,386,343,False
397,1171835665203572736,Meu filho ae kkkk https://t.co/dl5Wg6f7BY,Twitter for Android,2020-09-01 22:29:55,0,0,273,268,False
398,895796750249861121,@brucexreeves pikachu evoluiu? minha inf√¢ncia acabou,Twitter for Android,2020-09-01 22:29:55,0,0,344,350,False
399,945445094756405248,@growhup vo muda ent√£o,Twitter Web App,2020-09-01 22:29:55,0,0,15,44,False
400,1185166479102222336,"@TheVinizera opa, √°guia 2 no cs pode entrar na academy ?",Twitter Web App,2020-09-01 22:29:55,0,0,177,250,False
401,933039660808499200,ningu√©m liga querida,Twitter for Android,2020-09-01 22:29:55,0,0,86,168,False
402,1285451987757170689,"@fuckwshiv M√ÉE, EU QUERO UM üò≠üò≠üò≠üò≠üò≠üò≠üò≠üò≠üò≠",Twitter for Android,2020-09-01 22:29:55,0,0,221,241,False
403,785954101,poucos lugares s√£o t√£o bons pra achar musica nova quanto os anuncios nos stories do instagram na moral,Twitter for Android,2020-09-01 22:29:55,0,0,1796,1087,False
404,986838331785965568,@anyaht__ Kkkkkkkkkkkkkkkkkkkkk mal √© esse,Twitter for Android,2020-09-01 22:29:55,0,0,132,125,False
405,809460264756269058,@sassenachzinha careca j√°,Twitter for Android,2020-09-01 22:29:55,0,0,41773,33818,False
406,729001003140386823,como √© poss√≠vel a dinah ser t√£o linda assim https://t.co/ge3kSt0zcs,Twitter for Android,2020-09-01 22:29:55,0,1,9937,6572,False
407,885222650854944768,"-Vou segurar o bot√£o
-Aham, at√© parece! Voc√™ prometeu cabe√ßa de alga! N√≥s n√£o √≠amos nos separar! Nunca mais! Voc√™ √©‚Ä¶ https://t.co/tbSRNnv4Nz",Twitter for iPhone,2020-09-01 22:29:55,0,0,330,374,False
408,936712373569761280,apertei meu primeiro bal√£o kkkk,Twitter for Android,2020-09-01 22:29:55,0,0,1282,641,False
409,2207294950,"@iamdonnaspecter pena que j√° fechei a matr√≠cula, seria bom ter esse casos de fam√≠lia",Twitter for Android,2020-09-01 22:29:55,0,0,313,201,False
410,1084249824021622784,@jualves76992818 KKKKKKKKKKK t√° bom,Twitter Web App,2020-09-01 22:29:55,0,1,79,226,False
411,2910811917,Queria ter ido pro parque com as meninas,Twitter for iPhone,2020-09-01 22:29:55,0,0,698,931,False
412,1105137129250873344,"@gabiip104 vai comigo, eu me responsabilizo por cuidar de vc no front, te boto at√© nas costas",Twitter for iPhone,2020-09-01 22:29:55,0,0,195,318,False
413,1298485228336447494,"o maior erro do ser humano √© apenas o orgulho, at√© pra pessoa que ela(e) mais gosta vc e orgulhoso(a) isso q √© foda",Twitter for Android,2020-09-01 22:29:55,0,0,3,16,False
414,1293753381383806976,@danisoomin Ficou muito gataaa,Twitter for Android,2020-09-01 22:29:55,0,0,1,73,False
415,1007783670944550918,"@lucasafogaca ta gat√£o, ele √© meu amigo ele",Twitter for Android,2020-09-01 22:29:55,0,0,202,284,False
416,961996678378213384,@sofiaespanha @Z3_Ag que del√≠cia cara,Twitter Web App,2020-09-01 22:29:55,0,0,49,896,False
417,68891759,"@tgmartins Bora cria , Vidigal na veia!",Twitter for iPhone,2020-09-01 22:29:55,0,0,958,939,False
418,2737416701,"@pricaborbaa o que amamenta me dava menos, pq s√≥ tem progesterona, o normal me da mais pq √© pilula combinada mas va‚Ä¶ https://t.co/FP2lCWYJJl",Twitter Web App,2020-09-01 22:29:55,0,0,742,443,False
419,807053415004205056,@hedasblake_ eu n√£o sei se isso foi bom pq eu nem conseguia me abrir mto com ela por medo tamb√©m,Twitter for Android,2020-09-01 22:29:55,0,0,14309,12528,False
420,880949667860709377,"na quarentena eu to jogando roleta russa cm meu ciclo menstrual 
ele ta todo desregulado e eu sempre esque√ßo de con‚Ä¶ https://t.co/VUw3Axuows",Twitter Web App,2020-09-01 22:29:55,0,0,143,169,False
421,913054860739792903,"Eu t√¥ triste, a Aurea t√° triste, a Jenifer t√° triste, hoje √© o dia da tristeza",Twitter for Android,2020-09-01 22:29:55,0,0,90,431,False
422,973042141537689601,"@spnydc tb n√£o, mas no nescau eh bom
https://t.co/ihV6ojU7s9",Twitter for Android,2020-09-01 22:29:55,0,0,4134,3756,False
423,1088193000960917504,@MarchioratoCaio Eu tamb√©m n√£o,Twitter for Android,2020-09-01 22:29:55,0,0,318,174,False
424,1219520387568099328,@LuaLachimolala SCRRRR QUE VERGONHA MANO,Twitter for iPhone,2020-09-01 22:29:55,0,0,3662,3118,False
425,954558764,@FST_SQUAD LIVE VIZELLY ca√ßar um monte de coisa,Twitter for Android,2020-09-01 22:29:55,0,0,339,430,False
426,1042898816,Me engasguei agora que eu quase morri,Twitter for Android,2020-09-01 22:29:55,0,0,882,835,False
427,1261369357420109824,@kkkkkkmari @dudaxntj Na booyah tbm pow o samuca falou kkk,Twitter for Android,2020-09-01 22:29:55,0,0,68,162,False
428,1158900862871330817,@untiIIurmine @igauo_ BRENDA,Twitter for iPhone,2020-09-01 22:29:55,0,0,8677,4587,False
429,3051585615,@wolflovegood @reddiebuffay T√î TOMANDO BANHO,Twitter for Android,2020-09-01 22:29:55,0,0,1410,226,False
430,1243330530147434497,nao liga para isso,Twitter Web App,2020-09-01 22:29:55,0,0,6,344,False
431,4831057600,"@cardos_marii kakakkakakakkka √© cada vergonha alheia, que n√≥s temos que rir! üêç",Twitter for iPhone,2020-09-01 22:29:55,0,0,198,206,False
432,2503323631,@leticia_zica5 Lindaaaa,Twitter for iPhone,2020-09-01 22:29:55,0,1,24260,10131,False
433,903669170033872898,@comodacelle Que porra √© essa üëÄ,Twitter for Android,2020-09-01 22:29:55,0,0,38,74,False
434,1289642025793523714,FAM√çLIA LINDA.,Twitter for Android,2020-09-01 22:29:55,0,0,119,83,False
435,229633285,"mas vou ficar aqui com a minha dor, pra terminar dorme com Deus amorüé∂",Twitter for Android,2020-09-01 22:29:55,0,0,259,531,False
436,745400462405419009,"S√≥ pra mostrar um pouco do meu trabalho pra voc√™s !!  
Custa 0800 ajudar o amigo aqui

Ainda estou praticando, mas‚Ä¶ https://t.co/ePry9f1e75",Twitter for Android,2020-09-01 22:29:55,1,1,1696,1384,False
437,1295917110032564225,@P4RKHW4 TULLA LUANA DEUSA DA MINHA VIDA,Twitter Web App,2020-09-01 22:29:55,0,0,53,64,False
438,1277691620939501568,@jmplanett 97% tbm amg,Twitter Web App,2020-09-01 22:29:55,0,0,2145,2253,False
439,954787945340395523,"@lavinia_ac Ok, gostar de gram√°tica √© aceit√°vel",Twitter for Android,2020-09-01 22:29:55,0,1,174,160,False
440,70177269,"Para Comemorar as 3501 Mortes no RS, 66 s√≥ de hoje, Leite e Faisal Anunciam Abertura das Escolas Estaduais!‚Ä¶ https://t.co/1Ecy53fSgD",Twitter Web App,2020-09-01 22:29:55,0,0,73,121,False
441,263739747,@amandakochi EXATAMENTEEEEE,Twitter for iPhone,2020-09-01 22:29:55,0,0,416,870,False
442,1164527078290726912,@Carol_chim_95 Muito obrigada!! üíú üíú,Twitter for Android,2020-09-01 22:29:55,0,0,824,541,False
443,1024460628499615744,Pra vcs que n√£o me conhecem eu sou assim https://t.co/xwaCnqmDkF,Twitter for Android,2020-09-01 22:29:55,0,0,235,295,False
444,1129812146852900864,"eu li poucos, ent o di√°rio de anne frank e estrelas tortas https://t.co/b3owuY65AS",Twitter for iPhone,2020-09-01 22:29:55,0,0,4464,4356,False
445,734517645396070400,@twicezscene @FancyUusquad desculpa mas √© que eu amo vcs demais,Twitter for Android,2020-09-01 22:29:55,0,0,382,479,False
446,1229170488603238401,"Tenho chances de ganhar o concurso?

Mayara Jacinto 

PREVIS√ïES COM NOMES
15",Twitter for Android,2020-09-01 22:29:55,0,0,1257,1474,False
447,968657362818134016,Nossa cansado,Twitter for iPhone,2020-09-01 22:29:55,0,0,1096,909,False
448,876205946728534016,@WellSoterio e jogar uma bisquinha,Twitter Web App,2020-09-01 22:29:55,0,0,307,184,False
449,1135347730048520192,Parece que minha cabe√ßa vai explodir ü§Ø,Twitter for Android,2020-09-01 22:29:55,0,0,220,149,False
450,1168655751075762176,"@taniaferr_ mano vai d√° seu cu q eu n√£o vou contar dnv n√£o, ta na dm do tt",Twitter Web App,2020-09-01 22:29:55,0,0,276,234,False
451,757048047620808704,Os professores de Educa√ß√£o f√≠sica √© muita resenha mano üòÇ,Twitter for Android,2020-09-01 22:29:55,0,0,436,324,False
452,3078002649,"@LAYZSUPPORT voc√™ √© raio
LISTEN LIT WITH ATLANTIS
#HouseAtlantis  @layzhang 
https://t.co/I3zhGn4AiO",Twitter Web App,2020-09-01 22:29:55,0,0,3271,164,False
453,4236494243,"E aconteceu aq do lado, em Formosa, sofreu um crime de √≥dio t√£o violento que faz um ano o ocorrido e at√© hoje ela est√° acamada",Twitter Web App,2020-09-01 22:29:55,0,0,481,460,False
454,2658697656,Ai @TripleH n√£o sei se isso √© uma boa ideia...,Twitter Web App,2020-09-01 22:29:55,0,0,111,357,False
455,1080136563139448833,Queria criar um cc mas vai floparü§°ü§°ü§°ü§°,Twitter for Android,2020-09-01 22:29:55,0,0,5076,5358,False
456,1010999822059560960,@anaacarminatii KKKKKKK aiai,Twitter for Android,2020-09-01 22:29:55,0,0,53,113,False
457,1229985526352093185,@seenatzx no kkkkkkk a√≠ c brincou,Twitter for iPhone,2020-09-01 22:29:55,0,0,1344,509,False
458,1176545008008257537,@Bruno_lpm1 @lcrcd Porra n√£o admitia @TatianaParreir,Twitter for Android,2020-09-01 22:29:55,0,0,66,103,False
459,1275964300667039744,pf algu√©m vai no cart√≥rio cmg mudar meu nome QUE NOME FEIO QUE EU TWMJO V√âI,Twitter for iPhone,2020-09-01 22:29:55,0,0,27,55,False
460,1153815916519596032,@sqvs_1 Que foguete doido era tiroteio q tava tendo a√≠ na rua delfim,Twitter for iPhone,2020-09-01 22:29:55,0,0,432,401,False
461,728445340408381440,"todos os textos que fiz foram de alma leve, todos s√£o t√£o sinceros.",Twitter for Android,2020-09-01 22:29:55,0,0,1864,1880,False
462,1218239714538459137,@Lucas_RCosta @BotDoHardware Talvez a nvidea tente usar essa gera√ß√£o pra acabar com a amea√ßa da AMD nas placas de v‚Ä¶ https://t.co/nFGTU81gpX,Twitter for Android,2020-09-01 22:29:55,0,0,4,13,False
463,859158272774991873,queria fazer cover mas e a vergonha aaa,Twitter for iPhone,2020-09-01 22:29:55,0,0,193,412,False
464,834177330352418816,To batendo a cabe√ßa pra ter ideias novas pra motivar minha equipe ü§¶üèª‚Äç‚ôÄÔ∏è e vamos de f√©rias acabando &gt;&lt;,Twitter for Android,2020-09-01 22:29:55,0,0,98,145,False
465,938937042972631040,J√° n√£o vejo a minha vida sem ti,Twitter for Android,2020-09-01 22:29:55,0,1,98,121,False
466,3923238209,@njrx_ffc Calegari est√° careca pow kkkkk,Twitter for Android,2020-09-01 22:29:55,0,0,2118,1998,False
467,341729924,T√° aqui revoltada com o pai dela porque ela quer comer kit kat e ele n√£o chegou at√© agora pra ela comer um chocolatinho kkkkkkkkkkkklkkkkkkk,Twitter for iPhone,2020-09-01 22:29:55,0,0,1385,845,False
468,367390787,status: 9 pessoas visualizaram seu perfil https://t.co/jgiSX91UZ7,Twitcom - Comunidades ,2020-09-01 22:29:55,0,0,226,155,False
469,880973574714118144,@Gui_Alm01 porra men tu toca t√£o bem,Twitter for Android,2020-09-01 22:29:55,0,0,352,658,False
470,1220555145810976768,eu tenho que parar de ser manteiga derretida,Twitter for Android,2020-09-01 22:29:55,0,0,222,212,False
471,310029619,@aboutmariane amiga eu to iludida ü§°,Twitter for iPhone,2020-09-01 22:29:55,0,0,900,485,False
472,1108102186435837952,aaaah quero um beb√™,Twitter for Android,2020-09-01 22:29:55,0,0,522,294,False
473,1273344097470894080,@meanhoe98 EU SO SUMI POR 1 DIA E MEIO SOSSEGA O CU PORRA,Twitter for Android,2020-09-01 22:29:55,0,0,181,255,False
474,1228487566204325889,@bybutterfIy @BTS_twt Jimin gostava do meu anivers√°rio ü§°????  https://t.co/Y2PqbGhgYa,Twitter for Android,2020-09-01 22:29:55,0,0,2015,2014,False
475,1082291572211896320,@moniigcfstars ce √© br?? grava e posta aqui para eu ouvir ü•∫ü•∫ü•∫ü•∫ü•∫ü•∫ü•∫ü•∫ü•∫ü•∫ü•∫ü•∫ü•∫ü•∫ü•∫ü•∫,Twitter for Android,2020-09-01 22:29:55,0,0,4904,3499,False
476,934409283701223425,@ruimontana @4400OG Que grande xenofobia kkk At√© choraste n√© como acontece?,Twitter for iPhone,2020-09-01 22:29:55,0,0,230,295,False
477,55866355,"@el_lobosamuel voc√™ n votou na minha enquete, n ficou n√© üåù",Twitter for iPhone,2020-09-01 22:29:55,0,0,1106,574,False
478,1265663825937928192,@ithzRaptor Ramiro cerdo,Twitter for iPhone,2020-09-01 22:29:55,0,1,1646,738,False
479,1009228632,"a muie some meia hora e volta oferecendo plano mais em conta, num daaaa",Twitter for iPhone,2020-09-01 22:29:55,0,0,1090,329,False
480,1044327614595444736,@paolapfau @CarlaZambelli38 @Bolsomitoo Nos temos que cobrar sim e estar atentos com todo e qualquer Partido.,Twitter for iPhone,2020-09-01 22:29:55,0,0,10810,11731,False
481,1293927456076947458,@SweetMadx vou te mandar ok,Twitter for Android,2020-09-01 22:29:55,0,0,1112,1206,False
482,1086622764721688576,"pai disse q eu posso ir pra festa se eu quiser dps da pandemia

minha m√£e disse q n√£o vai deixar nem que ela morra

odeio minha vida",Twitter for Android,2020-09-01 22:29:55,0,0,116,230,False
483,104806594,gente eu acho q hoje em dia nem celular ele tem mais.... pelo menos as vezes q tentou puxar prosa foi de facebook d‚Ä¶ https://t.co/ZQTnVdKMdQ,Twitter for iPhone,2020-09-01 22:29:55,0,0,664,329,False
484,1292677629255049216,@lthabitina A BER CANTA,Twitter for iPhone,2020-09-01 22:29:55,0,0,623,640,False
485,18363920,"Aclama√ß√£o, conceito &amp; coes√£o. https://t.co/ECCVUpC84r",Twitter for Android,2020-09-01 22:29:55,0,0,1164,378,False
486,1147611848541450240,"@jkoogr se eu li certo, √© meu desejo di√°rio 

sim",Twitter for Android,2020-09-01 22:29:55,0,0,950,1017,False
487,1055603622678093826,uma vit√≥ria pra essa pobre m√≠ope aqui,Twitter for Android,2020-09-01 22:29:55,0,0,90,64,False
488,1107449026960678913,"mds eu n devo ter empatia por ningu√©m desse site
 https://t.co/ElXUnZh06H",Twitter for Android,2020-09-01 22:29:55,0,0,997,991,False
489,1009212644602142723,algu√©m p me tirar do t√©dio?,Twitter for iPhone,2020-09-01 22:29:55,0,0,3770,4166,False
490,1090352626695368704,prioridade gera prioridade smp bom lembrar,Twitter for Android,2020-09-01 22:29:55,0,0,356,351,False
491,274264112,@theappeal @shaunking Bravo!,Twitter for iPhone,2020-09-01 22:29:55,0,0,16,32,False
492,969647551954718724,minha passada tem esse n√≠vel de marra ü§™ https://t.co/CLm3GcMCHI,Twitter for iPhone,2020-09-01 22:29:55,0,0,1118,905,False
493,3403082789,"o jeito que eu me sinto acolhida por voc√™, √© sem igual! https://t.co/81MYfNSVxZ",Twitter for Android,2020-09-01 22:29:55,0,0,51,131,False
494,4444470155,@schepak_ alektos ajuda mt,Twitter for iPhone,2020-09-01 22:29:55,0,0,919,435,False
495,348080300,td p me irritar s√≥ pode,Twitter for iPhone,2020-09-01 22:29:55,0,0,1409,397,False
496,341711633,"Eu olhei a foto de perfil de um certa pessoa e ave-maria, quase babei üòÇüòÇ",Twitter for iPhone,2020-09-01 22:29:55,0,0,165,153,False
497,505196222,@777redrum ue nao entendi amor,Twitter Web App,2020-09-01 22:29:55,0,0,562,533,False
498,810182595996749825,1 dia inteiro sendo ********,Twitter for Android,2020-09-01 22:29:55,0,0,111,311,False
499,349301017,@Rayenesoaresr ray KKKMMAKK eu to com aquela mistura de pena e vontade de zoar por dias sabe,Twitter for Android,2020-09-01 22:29:55,0,0,523,193,False
500,2899574177,"@KarolSantan_a Nooo amg,vlw msm drxxx‚ô•Ô∏è",Twitter for Android,2020-09-01 22:29:55,0,0,236,226,False
501,933464366674046976,@_eBorn √â atra√≠do pela Pol√≠cia Militar????,Twitter for Android,2020-09-01 22:29:55,0,0,235,622,False
502,707026266906599424,@mobalikitoko10 üòÇüòÇüòÇüòÇüòÇüòÇüòÇN√£o sei responder a sangue,Twitter for Android,2020-09-01 22:29:55,0,0,463,341,False
503,2405436883,@ClausVeiga @umkramer Ahh o amorüòçüòçüòç,Twitter for iPhone,2020-09-01 22:29:55,0,0,191,351,False
504,937690068709511168,Eu vou fingir que n√£o vi o status de uma mina jogando dinheiro na cama se achando a fodona,Twitter for iPhone,2020-09-01 22:29:55,0,0,2630,2146,False
505,1116108367171395584,com a euforia dos √∫ltimos dois dias foi bom at√© esqueci desse sentimento mas olha aqui ele de volta,Twitter Web App,2020-09-01 22:29:55,0,0,188,298,False
506,1179191345187102721,"Aprendam a lidar com o peso da palavra *amar*,  nunca fale q ama algu√©m sem amar, essa palavra tem um significado t‚Ä¶ https://t.co/rwwhuY2za1",Twitter for iPhone,2020-09-01 22:29:55,0,0,627,591,False
507,1076337594324209664,"Antes de se relacionar comigo fa√ßa o teste do pottermore, se n√£o for lufa lufa ou sonserina nem tente n√£o vamos dar certo",Twitter for iPhone,2020-09-01 22:29:55,0,0,715,382,False
508,955120106526388225,@Luciel_27 Fdp kkkkkkkk,Twitter for Android,2020-09-01 22:29:55,0,0,70,77,False
509,1248421960440336384,@trizbasic a pr√≥xima eh vc am√¥,Twitter for iPhone,2020-09-01 22:29:55,0,0,1377,651,False
510,1146545156394496000,@chamminha3 @Arthfarias aiai vcs dois,Twitter for Android,2020-09-01 22:29:55,0,0,312,89,False
511,1151614506386231296,@nciclone parab√©ns muito maravilhosa,Twitter for Android,2020-09-01 22:29:55,0,0,166,155,False
512,932381086801424384,"devia dar p tirar a barrinha dos flets, nunca cliquei em algum ü§°",Twitter for iPhone,2020-09-01 22:29:55,0,0,3672,3659,False
513,1214880263811076097,todo mundo concorda que hamb√∫rguer artesanal √© muito melhor n√© https://t.co/jevblRRwX7,Twitter Web App,2020-09-01 22:29:55,0,0,128,132,False
514,1201599257561772033,"@anittxcrazy chegueeei 
Bebam √Ågua
#MPN #Anitta #AnyGabriellyInspiracao  
#AnyGabriellyConvida 
#LiveLocalMariliaMendonca",TweetCaster for Android,2020-09-01 22:29:55,0,0,179,176,False
515,1256410639570030592,@jorgeemateus Vou por o celular pra carregar bjs meu incosto,Twitter for Android,2020-09-01 22:29:55,0,0,5,55,False
516,34230631,"@gabrielmontta N√£o esquece de pedir a solicita√ß√£o para cola√ß√£o de grau, a UFRGS abriu um novo prazo!!!!",Twitter Web App,2020-09-01 22:29:55,0,0,1197,2252,False
517,1119367527862341632,terminei a l√¢mina da assassina e to a-ca-ba-da de tanto chorar,Twitter for Android,2020-09-01 22:29:55,0,0,328,398,False
518,1057413273027571712,@Rhyaggyy ol√° boa noite,Twitter for iPhone,2020-09-01 22:29:55,0,0,6665,5947,False
519,1227738076480495616,"@rafamnrdr o melhor dos melhores, queria eu estar l√° affe",Twitter for Android,2020-09-01 22:29:55,0,0,128,216,False
520,1053813908,@Maariawagner Ele √© todinho amor,Twitter for iPhone,2020-09-01 22:29:55,0,0,808,185,False
521,1292966916320112642,"@tozierculture Querido ningu√©m do trio tem autoestima alta, eu sou super insegura tbm 

O que estraga √© nada, nada estraga",Twitter for Android,2020-09-01 22:29:55,0,0,125,188,False
522,1201473506640384002,@themikeduarte2 ai eu amo,Twitter for Android,2020-09-01 22:29:55,0,0,3650,3405,False
523,1191348608299388928,@Haddad_Fernando https://t.co/XjwsVXNDPB CAMPANHA CONTRA COMUNISTA DOS 5 DO PT FORA BASTA DE LADROES CUBA E BOM VAO‚Ä¶ https://t.co/gTzUUf4Zxw,Twitter Web App,2020-09-01 22:29:55,0,1,2,21,False
524,1023640884536135680,no v√©i que √≥dio,Twitter for iPhone,2020-09-01 22:29:55,0,0,346,249,False
525,284123110,"@gbaeirlaaa eu gosto de b99, agora the office tem um humor bem pastel√£o ksksks",Twitter for Android,2020-09-01 22:29:55,0,0,930,138,False
526,1174000175305691149,"meu maxilar t√° at√© doendo, fui no supermercado com a mel e chupamos 20 balas no caminho s√≥ pra n√£o dividir com ningu√©m",Twitter for Android,2020-09-01 22:29:55,0,0,208,212,False
527,1171521419030622208,@kauelima7_ quem divide multiplica amigo ü§£,Twitter for iPhone,2020-09-01 22:29:55,0,0,3130,2889,False
528,1047884602776461313,@ECBahia pensei q era o an√∫ncio da saida de gilberto.ufa!!!,Twitter for Android,2020-09-01 22:29:55,0,0,563,313,False
529,921505405527887874,@kenzera_ @duda_querino lucas vai toma no seu cu ok,Twitter for iPhone,2020-09-01 22:29:55,0,0,927,704,False
530,1084561970970443776,"@liamontoia vc √© incr√≠vel!

gosto mt do teu cabeloü•∫",Twitter for iPhone,2020-09-01 22:29:55,0,1,351,331,False
531,1206028730675728385,@yoonieprinz ok amg,Twitter for Android,2020-09-01 22:29:55,0,0,1130,1525,False
532,1229841941606653953,@palotpwk Amiguemos https://t.co/QckfnSyLoE,Twitter for Android,2020-09-01 22:29:55,0,0,506,733,False
533,75153534,@sweetshawngirl ia nada,Twitter for Android,2020-09-01 22:29:55,0,0,7182,2786,False
534,1184257594149523457,√∫nico momento q eu tenho ‚Äúlivre‚Äù no meu dia s√£o os 40 segundos de descanso q eu tenho entre as series do meu treino kkkk,Twitter for iPhone,2020-09-01 22:29:55,0,0,152,174,False
535,552963260,Verde florescente com rosa fluentemente √© lindo lindo,Twitter for iPhone,2020-09-01 22:29:55,0,0,1552,1470,False
536,1229096506621337600,o loiro veioüíÜüèº‚Äç‚ôÄÔ∏è‚ù§ https://t.co/M48qqOg8CW,Twitter for Android,2020-09-01 22:29:55,0,0,35,163,False
537,1236977030379470848,@NinZP7 @BrianEarlSpiln9 Ainda prefiro do Nolan,Twitter for Android,2020-09-01 22:29:55,0,0,4460,207,False
538,1127753791854477312,Tem v√≠deos que s√£o gatilhos demais pra mim...,Twitter for iPhone,2020-09-01 22:29:55,0,0,73,140,False
539,1232741134025347072,"@CarlosEduardoCD Acrescentei isso. Obrigado!

https://t.co/fFZtyVxhKB",Twitter Web App,2020-09-01 22:29:55,0,0,255,437,False
540,249861410,@nicoligt mas q gostosa,Twitter for iPhone,2020-09-01 22:29:55,0,0,1008,904,False
541,946572445363863552,t√¥ s√≥ no aguarde disso acontecer https://t.co/8ykUkphryQ,Twitter for Android,2020-09-01 22:29:55,0,0,3656,517,False
542,751994118235119616,@enzoantunesc os v√≠deos dele s√£o os melhores nmrl,Twitter for iPhone,2020-09-01 22:29:55,0,0,1555,585,False
543,1275956512129716224,"@lelissg eu n√£o, d√≥i demais...",Twitter for iPhone,2020-09-01 22:29:55,0,0,27,38,False
544,4922189572,Essa vai ser pra sofrer n√£o tenho d√∫vidas https://t.co/AoAtV4OPKr,Twitter for iPhone,2020-09-01 22:29:55,0,0,1015,696,False
545,2180081168,"SATISFEITO AGORA, @eubutas ???? https://t.co/KNA15BbyY4",Twitter for Android,2020-09-01 22:29:55,0,0,180,783,False
546,1028937566022787072,n√£o tem mesmo no√ß√£o da merda que diz,Twitter for iPhone,2020-09-01 22:29:55,0,0,469,258,False
547,2991632890,Sim eduardo leite pode ter certeza q botar 40 alunos numa sala sendo q metade sai todos os dias n√£o vai dar em nada,Twitter for Android,2020-09-01 22:29:55,0,0,590,490,False
548,1287187539691020288,a√≠ mds https://t.co/CK7ZVzlts9,Twitter for iPhone,2020-09-01 22:29:55,0,0,278,414,False
549,1296948692860182528,As emo√ß√µes sempre reaparecem em um momento de f√∫ria.ü§¨,Twitter for Android,2020-09-01 22:29:55,0,0,6,24,False
550,121423864,seu perfil foi visto por 5 pessoas nas √∫ltimas 6 horas https://t.co/lXsFJaLdLv,Twitcom - Comunidades ,2020-09-01 22:29:55,0,0,144,83,False
551,1181753819329376256,"@CYedoisL Simmmm Fran, eu fico ansiosa por por ter que produzir na hora pra postar, a√≠ acabo que fico procrastinand‚Ä¶ https://t.co/nqg1bY8qqo",Twitter for iPhone,2020-09-01 22:29:55,0,0,178,206,False
552,956377139154169856,era certo dessa come√ßar a tocar e fazer a filhinha pra rebolar,Twitter for Android,2020-09-01 22:29:55,0,0,367,358,False
553,947453347757469696,@bvnditiny Somos gemelos https://t.co/qu82sFAteM,Twitter for iPhone,2020-09-01 22:29:55,0,1,661,1619,False
554,2232928806,@manumaba Kkkkkkkkkkkkkk uma galera liga mas n√£o todo mundo,Twitter for Android,2020-09-01 22:29:55,0,0,350,392,False
555,976147697878077440,aff eu fico um absurdo de linda com batom vermelho/rosaüòçüòçüòç,Twitter for Android,2020-09-01 22:29:55,0,0,319,190,False
556,1175226141440978945,"@HenriqueSalda16 @CECemVideos @Cruzeiro Porra mano tinha esquecido mas s√£o os tr√™s melhores do Brasil disparado
1 -‚Ä¶ https://t.co/om45friomw",Twitter for Android,2020-09-01 22:29:55,0,0,468,850,False
557,2506339590,E no final era um senha lesa lesa,Twitter for Android,2020-09-01 22:29:55,0,0,116,212,False
558,3157881033,@pedroomlo vc eh bunito predo,Twitter for Android,2020-09-01 22:29:55,0,1,1150,964,False
559,1191831594618802176,"@Yvesgook e n√£o eh nem por ela,eh s√≥ pq eu quero morrer mesmo üòãüòãüòã",Twitter Web App,2020-09-01 22:29:55,0,0,1533,1463,False
560,102703038,"Gente Omeprazol n√£o √© tic tac que vc pode tomar de monte n√£o, viu? O seu uso abusivo prolongado pode causar desde d‚Ä¶ https://t.co/XQ50K6k5zp",Twitter for iPhone,2020-09-01 22:29:55,0,0,766,230,False
561,305140951,O cabelo dessa entrevistada mulher no jpb t√° t√£o sedoso e macio,Twitter for Android,2020-09-01 22:29:55,0,0,252,241,False
562,83031281,"Imagino ela mandando o cara sair de cima dela e ele, super broxado. Nossa, que situa√ß√£o",Twitter for iPhone,2020-09-01 22:29:55,0,0,732,315,False
563,1286757512709054465,"Um saco esse neg√≥cio de religi√£o nos dias de hoje! Se voc√™ assumir qualquer uma, vai estar errado! √â triste, porque‚Ä¶ https://t.co/ZcEGxIjjL4",Twitter for Android,2020-09-01 22:29:55,0,0,2,14,False
564,1272749837621002248,esse lookinho foi perfeito,Twitter for Android,2020-09-01 22:29:55,0,0,2866,1978,False
565,1247534293087162369,Se continuar ass... ver algm com perna de zebra vai ser normal kkkkk,Twitter for iPhone,2020-09-01 22:29:55,0,0,115,142,False
566,1247354300537462791,"Minha felicidade de hj tbm foi ganhar um pouco mais de tempo com a m√£e, fazia tempo que a gente n√£o se divertia junto",Twitter for Android,2020-09-01 22:29:55,0,0,39,50,False
567,2810090384,"colisa // luisa
kkkkkkkk pqp continuo com cara de crian√ßa https://t.co/p0itPcZHG7 https://t.co/oXBI9yO74h",Twitter for Android,2020-09-01 22:29:55,0,0,955,607,False
568,1098730924618010624,@pabllovittar @voirkth @BLACKPINK @selenagomez MEU DEUS PABLLO,Twitter for Android,2020-09-01 22:29:55,0,0,3328,3177,False
569,1054715143748227072,@fmoura_11 Olha j√° veio um deles burro,Twitter for Android,2020-09-01 22:29:55,0,0,224,200,False
570,1316535240,"Essa semana se os correios colaborar, vai est√° nas m√£os para venda !!!! https://t.co/lfGMaiR9Yo",Twitter for iPhone,2020-09-01 22:29:55,0,0,1537,996,False
571,1285219687001919490,@Net15Gamer Reclama com o @jvmendesferro,Twitter for Android,2020-09-01 22:29:55,0,0,955,64,False
572,1274181507934978052,@loud_bak Ia fazer a boa para a tropa (f√£s),Twitter for Android,2020-09-01 22:29:55,0,0,5,92,False
573,1294051766238158849,‚ú®‚ú®‚ú®‚ú®‚ú®‚ú®‚ú®‚ú®‚ú®‚ú®‚ú®‚ú®‚ú®‚ú®‚ú®‚ú®√© f√£ da gaga e n√£o gosta de Bad Romance?‚ú®‚ú®‚ú®‚ú®‚ú®‚ú®‚ú®‚ú®‚ú®‚ú®‚ú®‚ú®‚ú®‚ú®‚ú®‚ú®‚ú®‚ú®‚ú®‚ú®‚ú®‚ú®‚ú®‚ú®‚ú®‚ú®‚ú®‚ú®‚ú®‚ú®‚ú®‚ú®saia da f√£ base‚ú®‚ú®‚ú®‚ú®‚ú®‚ú®‚ú®‚ú®‚ú®‚ú®‚ú®‚ú®‚ú®‚ú®‚ú®,Twitter for Android,2020-09-01 22:29:55,0,0,526,561,False
574,1158903703853850624,@adryac_ o que todos n√≥s queremos dizer √© exatamente isso:::::::::,Twitter Web App,2020-09-01 22:29:55,0,0,592,423,False
575,2977383886,"s√£o tantos elogios, aff! MUITO bom, me sinto at√© melhor üòç",Twitter for Android,2020-09-01 22:29:55,0,0,2258,267,False
576,940521104,@Brunno_OCB @_maurolima @brunosouzasc @Ideias_Radicais Melhor ser papagaio do que gadinho do estado. Vai l√° pedir m‚Ä¶ https://t.co/BR2BN9eGhp,Twitter Web App,2020-09-01 22:29:55,0,0,51,362,False
577,1272236255686922246,"@Run_Store_ Boa sorte, pessoal! :D 
N√£o sei se deu ou n√£o. Boa noite, cuida bem dessa jaqueta, sr. futuro vencedor.‚Ä¶ https://t.co/P1n98YAueD",Twitter Web App,2020-09-01 22:29:55,0,0,238,613,False
578,704088343655686144,E agora s√£o v√≠deos sobre a faculdade üò¨ assim percebo que ando mesmo nervosa ahahah https://t.co/cXALNCQb91,Twitter for iPhone,2020-09-01 22:29:55,0,0,467,260,False
579,1261323387961593856,@ixGabriel @pabllovbrasil @pabllovittar @djgorky √© a era jazz da pablo,Twitter Web App,2020-09-01 22:29:55,0,0,172,401,False
580,1143911968769761280,q vergonha gente aceita q flopou logo q √© melhor https://t.co/A9nlnwmVVl,Twitter for Android,2020-09-01 22:29:55,0,0,494,198,False
581,1058265344601677824,"""Tudo o que n√£o puder contar como fez, n√£o fa√ßa!""üòâ

- Immanuel Kant 

#QuartaImperioDoSDV 
#QuartaDetremuraSDV",Twitter for Android,2020-09-01 22:29:55,0,0,17536,16416,False
582,3256945974,"@roberta_bastoss Pior que isso √© n√£o dizer nada , n√£o responder √†s mensagens. Falta de educa√ß√£o e infantilidade.",Twitter for Android,2020-09-01 22:29:55,0,0,39,101,False
583,2165610092,Aproveitei meu dia dormindo kkk,Twitter for Android,2020-09-01 22:29:55,0,0,5003,4691,False
584,132247419,@JaniceDean @JordanSchachtel @empirecenter @NYHammond How corrupt...,Twitter for iPhone,2020-09-01 22:29:55,0,0,65,174,False
585,1286394369159892994,LIVE - FORTNITE - JOGANDO COM GANHADOR DO PASSE DE BATALHA - WOFL https://t.co/T9rNLSwuF6 via @YouTube,Twitter Web App,2020-09-01 22:29:55,0,0,3,25,False
586,1089178535552577539,Daniel Caesar tem o poder de descrever tudo que eu sinto,Twitter Web App,2020-09-01 22:29:54,0,0,43,317,False
587,3420262955,ia dormir agarradinha com a Beatriz mas esqueci que amanh√£ tenho que sair cedinho üò©,Twitter for Android,2020-09-01 22:29:54,0,0,13002,9466,False
588,1016838130257879040,@analaurasng @Corinthians E o meu maior patrim√¥nio √© ter voc√™,Twitter for Android,2020-09-01 22:29:54,0,0,843,532,False
589,1000049371763957760,Sei l√° aquela vez q sai da psic√≥loga e l√° fora na escada achei um barquinho de papel.. me senti com esperan√ßas aind‚Ä¶ https://t.co/h5qS7zJVB7,Twitter for iPhone,2020-09-01 22:29:54,0,0,3564,3499,False
590,2521311265,"SETEMBRO AMARELO CHEGOUUüåªüåªüåªüåºüåºüåºüíõüíõüíõ

Gostaria de dizer que quem tiver precisando de ajuda, minha dm est√° completament‚Ä¶ https://t.co/rURDi51Jva",Twitter for iPhone,2020-09-01 22:29:54,0,0,10950,122,False
591,1265640063054028800,@vkook_tia @YGUKIYO Triste n√©,Twitter for Android,2020-09-01 22:29:54,0,0,6,43,False
592,1246644808942223361,@mybohu TODO MUNDO PENSOU DO JEITO QUE EU PENSEI GAROTA VAI SE FODER VOC√ä N√ÉO ACEITA A REALIDADE TE ASSUSTA ????,Twitter for Android,2020-09-01 22:29:54,0,0,1360,1446,False
593,1227436579083489282,mano just like you √© INCRIVEL tipo eu amo tanto eh quase minha fav do lou,Twitter for iPhone,2020-09-01 22:29:54,0,0,241,255,False
594,1250961408625344515,"@http_L3t O crush foi forte let, foi forte",Twitter for Android,2020-09-01 22:29:54,0,0,209,220,False
595,773359811601850368,meu whatsapp ta mais parado do que tudo,Twitter for Android,2020-09-01 22:29:54,0,0,681,479,False
596,824642491710373889,Dona Joana e suas provas meu Deus,Twitter for iPhone,2020-09-01 22:29:54,0,0,317,353,False
597,1297697083084898304,"Depois que compreendi a ‚Äúgest√£o do tempo‚Äù e estabeleci prioridades, nunca mais reclamei que n√£o tinha tempo.",Twitter for iPhone,2020-09-01 22:29:54,0,0,123,121,False
598,1149867796899217408,@Mariaedmf CHEGOU NO 3,Twitter for Android,2020-09-01 22:29:54,0,0,258,242,False
599,123075387,"@tsukicsgo N√£o posso dizer, a pessoa em quest√£o pediu para ficar an√≥nima ü§£",Twitter for Android,2020-09-01 22:29:54,0,0,514,179,False
600,53149436,@Gerscjr eu amava esse personagem,Twitter for iPhone,2020-09-01 22:29:54,0,0,10998,179,False
601,715262521813442560,abri o grupo do wpp e de repente t√° todo mundo recomendando lugares q vendem crack e hero√≠na n vou nem ler o q levo‚Ä¶ https://t.co/YAkloDioCh,Twitter for Android,2020-09-01 22:29:54,0,0,1385,737,False
602,889310677789265925,Meu Deus eu estou t√£o ansiosa,Twitter for iPhone,2020-09-01 22:29:54,0,0,5830,2921,False
603,1251335054590124033,@danisoomin n√£o consigo parar de comentar pqp,Twitter for iPhone,2020-09-01 22:29:54,0,0,1288,1135,False
604,808838580302970880,@itshenryagain PQP O VIDEO MANOKKKKKMKKKK,Twitter for Android,2020-09-01 22:29:54,0,0,2048,2021,False
605,459946483,‚òÅÔ∏è16¬∞ BOA NOITE!,Twitter for Android,2020-09-01 22:29:54,0,0,682,777,False
606,1033497768759910400,nao usei nada pq nem deu tempo de sair https://t.co/G1iTiK1toh,Twitter for iPhone,2020-09-01 22:29:54,0,0,1045,865,False
607,753026108078059521,@pjfreshprincess Churras e eu compro a carne,Twitter for iPhone,2020-09-01 22:29:54,0,0,41,272,False
608,1205665468201291779,Queria entender a falta de consci√™ncia  do macho hetero que entra num transporte p√∫blico  chamando o motorista q t√°‚Ä¶ https://t.co/hs5n0QAwFw,Twitter for Android,2020-09-01 22:29:54,0,0,27,194,False
609,880121262219173896,Eu sou apaixonada pelo patrimonio cultural brasileiro que √© o tiozinho de meia idade com um bone da casas bahia ped‚Ä¶ https://t.co/x4VD5dWeiw,Twitter Web App,2020-09-01 22:29:54,0,0,596,575,False
610,1223670516009127937,@almocasse Tem que ser ligeira,Twitter for iPhone,2020-09-01 22:29:54,0,0,303,275,False
611,1121914679171928064,"Me expondo de maneira desnecess√°ria

1- namorando 
2- i
3- b√™
4- simmm
5- infelizmente sim
6- acho q nn
7- namorar‚Ä¶ https://t.co/t1Xpr7dndW",Twitter for iPhone,2020-09-01 22:29:54,0,1,448,481,False
612,187639445,Um dia vou arrumar algu√©m pra animar subir o morro do moreno comigo kakaka,Twitter for Android,2020-09-01 22:29:54,0,0,1938,2370,False
613,1295074988882628608,@JoelsonLucenaBR @nikolas_dm @felipeneto Meu caro os governadora e prefeitos n√£o tem culpa pois o STF permitiu que‚Ä¶ https://t.co/zfC19JGLGe,Twitter for Android,2020-09-01 22:29:54,0,0,2,40,False
614,1184993301210030080,"Amanha vou fazer minha sobrancelha, enfim...",Twitter for Android,2020-09-01 22:29:54,0,0,102,82,False
615,2985102166,"Inferno de homem, posta seu v√≠deo logo @ponchohd eu preciso de paz algum dia na vida",Twitter for Android,2020-09-01 22:29:54,0,0,145,280,False
616,1113239079603331072,"@sarah_hmkk Troquei de personagem, agora sou a minha namorada
Ali√°s... Quem √© voc√™? üòíü§®",Twitter for Android,2020-09-01 22:29:54,0,0,2012,2998,False
617,2715513985,"@SouDanta eu ainda aguentei at√© a 3¬∞ bb, mas √¥ porra ruim",Twitter for Android,2020-09-01 22:29:54,0,0,466,629,False
618,64165356,"@gabi_hecksher e a√≠ eles dizem que masturba√ß√£o √© uma parada inventaram por ""putas"" (que √° a maneira que eles chamam‚Ä¶ https://t.co/g0OQNdoUby",TweetDeck,2020-09-01 22:29:54,0,0,114,90,False
619,253299090,"Espero em que no dia que eu d√™ entrada no meu processo de aposentadoria, eu possa cobrar v√°rios anos de adicional p‚Ä¶ https://t.co/f12vAkZxoZ",Twitter Web App,2020-09-01 22:29:54,0,0,3334,3180,False
620,1072831878783217669,@cmilareptilia eu amo o final da m√∫sica,Twitter for Android,2020-09-01 22:29:54,0,0,2703,2460,False
621,1266759216913698816,"@Line_Aline4 Sim, foi horr√≠vel esse hosp√≠cio sem outra doida pra ficar louca junto",Twitter for Android,2020-09-01 22:29:54,0,0,538,492,False
622,931739644173176832,@laner_thales Mano tem nada pra fazer slk,Twitter for iPhone,2020-09-01 22:29:54,0,0,121,127,False
623,1075378187738189824,a sala daqui de cs parece um bar,Twitter for Android,2020-09-01 22:29:54,0,0,287,249,False
624,1211802757906042880,"EXPLANANDO A SI PR√ìPRIO

ü§Æ- m 
ü§®- nn
üòç- nn
‚ù§- n√£o tive ainda üíì
ü§™- 0
üë©‚Äç‚ù§Ô∏è‚Äçüíã‚Äçüë©- J√° 
üòã- nn 
üòò- 7 eu acho 
ü•≥- j
üòè-  sei‚Ä¶ https://t.co/PEDva1vFsU",Twitter for iPhone,2020-09-01 22:29:54,0,1,434,304,False
625,219201849,N√£o sou canalhaüòò https://t.co/Y8nnSC43pP,Twitter for Android,2020-09-01 22:29:54,0,0,280419,3045,False
626,2845928843,Parar de fazer quest√£o de quem n√£o d√° a m√≠nima ü§∑üèΩ‚Äç‚ôÄÔ∏èü§∑üèΩ‚Äç‚ôÄÔ∏èü§∑üèΩ‚Äç‚ôÄÔ∏è‚ù§Ô∏è‚ù§Ô∏èüôèüèºüôèüèºüôèüèºüôèüèº,Twitter for iPhone,2020-09-01 22:29:54,0,0,1263,125,False
